mass_mev,U2=1.000000e-07,U2=1.260000e-07,U2=1.580000e-07,U2=2.000000e-07,U2=2.510000e-07,U2=3.160000e-07,U2=3.980000e-07,U2=5.010000e-07,U2=6.310000e-07,U2=7.940000e-07,U2=1.000000e-06,U2=1.260000e-06,U2=1.580000e-06,U2=2.000000e-06,U2=2.510000e-06,U2=3.160000e-06,U2=3.980000e-06,U2=5.010000e-06,U2=6.310000e-06,U2=7.940000e-06,U2=1.000000e-05,U2=1.260000e-05,U2=1.580000e-05,U2=2.000000e-05,U2=2.510000e-05,U2=3.160000e-05,U2=3.980000e-05,U2=5.010000e-05,U2=6.310000e-05,U2=7.940000e-05,U2=1.000000e-04,U2=1.260000e-04,U2=1.580000e-04,U2=2.000000e-04,U2=2.510000e-04,U2=3.160000e-04,U2=3.980000e-04,U2=5.010000e-04,U2=6.310000e-04,U2=7.940000e-04,U2=1.000000e-03,U2=1.260000e-03,U2=1.580000e-03,U2=2.000000e-03,U2=2.510000e-03,U2=3.160000e-03,U2=3.980000e-03,U2=5.010000e-03,U2=6.310000e-03,U2=7.940000e-03,U2=1.000000e-02,U2=1.260000e-02,U2=1.580000e-02,U2=2.000000e-02,U2=2.510000e-02,U2=3.160000e-02,U2=3.980000e-02,U2=5.010000e-02,U2=6.310000e-02,U2=7.940000e-02,U2=1.000000e-01
2.0000000000e+00,,,,,,0.0000000000e+00,0.0000000000e+00,0.0000000000e+00,0.0000000000e+00,0.0000000000e+00,9.9914384563e-06,3.1365922810e-05,6.9210627926e-05,1.3254948766e-04,3.0406531598e-04,7.3630950452e-04,1.6357759735e-03,3.3284850277e-03,6.6095236180e-03,1.1323180167e-02,1.8388058464e-02,2.7618619862e-02,4.1486966954e-02,6.7171573698e-02,1.0711397752e-01,1.7103736549e-01,2.7019337797e-01,4.2470341557e-01,6.7262877195e-01,1.0779061035e+00,1.7066789777e+00,2.6877662706e+00,4.2270931909e+00,6.8033695387e+00,1.0677734434e+01,1.6892886963e+01,2.6967829473e+01,4.2529677692e+01,6.7604954359e+01,1.0714916604e+02,1.6967927184e+02,2.7012140874e+02,4.2370909026e+02,6.7879012964e+02,1.0706379205e+03,1.6879871554e+03,2.6830499408e+03,4.2470015165e+03,6.7453534720e+03,1.0680789804e+04,1.6912685709e+04,2.6779797632e+04,4.2260050932e+04,6.7412922397e+04,1.0579443834e+05,1.6722863027e+05,2.6539584842e+05,4.1695213847e+05,6.5986145563e+05,1.0368071616e+06,1.6303426688e+06
2.2000000000e+00,,,0.0000000000e+00,0.0000000000e+00,0.0000000000e+00,0.0000000000e+00,0.0000000000e+00,6.4170768537e-06,8.0607248443e-06,2.5152758808e-05,5.5486783025e-05,1.4674115086e-04,3.9149672705e-04,7.7890000646e-04,1.7305787838e-03,3.3908232921e-03,6.0068855450e-03,1.0020803878e-02,1.5605907933e-02,2.3656428303e-02,3.6217337869e-02,5.7819965009e-02,9.2733087207e-02,1.4916336284e-01,2.3381175459e-01,3.6851725277e-01,5.8895321033e-01,9.2961005388e-01,1.4737478785e+00,2.3222419482e+00,3.6941446570e+00,5.8638501805e+00,9.1987720779e+00,1.4767226960e+01,2.3252037169e+01,3.6890451380e+01,5.8267276953e+01,9.2536472090e+01,1.4679240850e+02,2.3263478340e+02,3.6764579982e+02,5.8612589613e+02,9.2270486879e+02,1.4749492286e+03,2.3226548932e+03,3.6905881814e+03,5.8096714114e+03,9.2515334071e+03,1.4666012560e+04,2.3212757461e+04,3.6638662160e+04,5.8082527722e+04,9.0797870998e+04,1.4594209791e+05,2.2804612498e+05,3.5969620687e+05,5.6836388226e+05,8.9248866584e+05,1.4127511017e+06,2.2044772307e+06,3.4417722816e+06
2.4000000000e+00,1.2163449387e-11,1.3809606710e-12,8.4219853831e-14,1.9036135498e-15,1.6925989773e-17,4.8887476031e-06,6.1406871546e-06,1.9055881733e-05,6.3493231454e-05,1.4450835361e-04,2.9163415897e-04,6.5245280552e-04,1.4155584979e-03,2.7377235689e-03,4.7742062349e-03,7.8218226703e-03,1.1818979258e-02,1.8125079605e-02,2.8341797597e-02,4.4863096604e-02,7.2138217303e-02,1.1411112667e-01,1.7987518681e-01,2.8700792588e-01,4.5284716918e-01,7.1839662947e-01,1.1371614934e+00,1.8090611996e+00,2.8588853838e+00,4.5418630999e+00,7.1674767251e+00,1.1438406922e+01,1.7941306438e+01,2.8812914342e+01,4.5342868961e+01,7.1640794422e+01,1.1404752960e+02,1.8064352913e+02,2.8560366295e+02,4.5146580465e+02,7.1863125550e+02,1.1382592404e+03,1.7867306745e+03,2.8770193997e+03,4.5240350081e+03,7.1358076559e+03,1.1314421293e+04,1.7913590231e+04,2.8407279708e+04,4.4847751989e+04,7.0934483477e+04,1.1231463637e+05,1.7578325481e+05,2.8134185108e+05,4.3979452732e+05,6.9253835555e+05,1.0845225154e+06,1.7016276344e+06,2.6542436776e+06,4.1120388833e+06,6.3772393983e+06
2.6000000000e+00,0.0000000000e+00,0.0000000000e+00,0.0000000000e+00,3.5923968506e-06,4.4875947018e-06,1.3892591255e-05,4.6053974578e-05,1.0415261686e-04,2.4786356743e-04,5.4030253700e-04,1.0818579359e-03,2.0151183980e-03,3.4030440318e-03,5.6634237694e-03,8.4067380551e-03,1.2768431722e-02,2.0134760285e-02,3.2683266723e-02,5.1042473477e-02,8.0844968431e-02,1.2878380635e-01,2.0398071495e-01,3.2223101492e-01,5.1545170250e-01,8.1370591247e-01,1.2870314392e+00,2.0365169588e+00,3.2314916202e+00,5.1381563023e+00,8.1395792517e+00,1.2893122785e+01,2.0417749889e+01,3.2183057293e+01,5.1368359407e+01,8.1045270095e+01,1.2838121999e+02,2.0430043498e+02,3.2406142662e+02,5.1041134357e+02,8.0994024083e+02,1.2859341976e+03,2.0318150872e+03,3.1946133230e+03,5.1339519668e+03,8.0746644290e+03,1.2807119035e+04,2.0223395162e+04,3.1985011384e+04,5.0529132249e+04,7.9998369658e+04,1.2601966092e+05,1.9920940732e+05,3.1188371573e+05,4.9457236978e+05,7.7232382588e+05,1.2097721956e+06,1.8923972393e+06,2.9198830340e+06,4.5369974089e+06,6.9696498805e+06,1.0661655499e+07
2.8000000000e+00,2.1043995825e-16,2.5509486252e-06,3.1846158863e-06,9.9038977528e-06,3.2430905347e-05,7.3137350599e-05,1.4668378766e-04,3.2303547390e-04,6.7517656891e-04,1.3210250631e-03,2.3298710124e-03,3.7322904681e-03,5.5700889820e-03,8.5696940850e-03,1.3392294542e-02,2.1301738240e-02,3.4221416420e-02,5.3946399956e-02,8.5910267169e-02,1.3668359574e-01,2.1634612636e-01,3.4300231889e-01,5.3915959818e-01,8.6535840246e-01,1.3609894980e+00,2.1603592379e+00,3.4119812039e+00,5.4165572905e+00,8.5935472162e+00,1.3570489567e+01,2.1554919413e+01,3.4318987500e+01,5.3979968710e+01,8.6202103387e+01,1.3639638725e+02,2.1556129217e+02,3.4124293860e+02,5.4215374543e+02,8.5639060699e+02,1.3553699174e+03,2.1464975098e+03,3.4173900601e+03,5.3699612619e+03,8.5743929496e+03,1.3485707538e+04,2.1300699931e+04,3.3788555542e+04,5.3193367297e+04,8.4262402441e+04,1.3304078358e+05,2.0971250176e+05,3.2943313823e+05,5.1369621638e+05,8.1038732910e+05,1.2565243630e+06,1.9595266454e+06,3.0284611589e+06,4.6745044957e+06,7.1000096695e+06,1.0782771080e+07,1.6123225998e+07
3.0000000000e+00,2.2290573266e-06,6.8652111685e-06,1.4908356151e-05,3.8800179804e-05,1.0102427068e-04,1.9543989847e-04,4.1710204952e-04,8.5422383708e-04,1.4565000559e-03,2.3416447507e-03,3.5411563896e-03,5.3481326008e-03,8.4652317137e-03,1.3625785806e-02,2.1921513885e-02,3.4126371036e-02,5.4563861332e-02,8.6118322277e-02,1.3686501508e-01,2.1599293817e-01,3.4166211092e-01,5.4452765018e-01,8.5687336357e-01,1.3751593589e+00,2.1578690143e+00,3.4348029494e+00,5.4326603000e+00,8.6028976327e+00,1.3649669762e+01,2.1666592086e+01,3.4260758409e+01,5.4513520459e+01,8.5457091199e+01,1.3731558137e+02,2.1600633605e+02,3.4284553030e+02,5.4327853335e+02,8.6045701335e+02,1.3581384864e+03,2.1583951897e+03,3.4256352491e+03,5.4212109769e+03,8.5078626039e+03,1.3623711643e+04,2.1396316144e+04,3.3786788731e+04,5.3362636147e+04,8.4393592550e+04,1.3238954304e+05,2.0910414071e+05,3.2774708669e+05,5.1526184056e+05,7.9515647944e+05,1.2528146439e+06,1.9325614509e+06,2.9721999713e+06,4.5484790824e+06,6.8804645460e+06,1.0338201760e+07,1.5343642955e+07,2.2394451059e+07
3.2000000000e+00,1.0218429715e-05,1.9143589698e-05,4.2484339525e-05,1.1617270589e-04,2.3577685454e-04,4.7614605984e-04,8.9245160334e-04,1.4499508700e-03,2.1932879611e-03,3.2580258688e-03,5.1361754989e-03,8.1377531915e-03,1.3058604591e-02,2.0867884265e-02,3.2872691603e-02,5.1876645731e-02,8.2844508922e-02,1.3149445603e-01,2.0751138132e-01,3.2880615960e-01,5.2532575149e-01,8.3076749347e-01,1.3065745769e+00,2.0884379846e+00,3.2945441875e+00,5.2190668515e+00,8.2818150916e+00,1.3097129542e+01,2.0845992219e+01,3.2963024945e+01,5.2187280494e+01,8.3117093556e+01,1.3037446850e+02,2.0925257685e+02,3.2829971057e+02,5.2009767619e+02,8.2575637877e+02,1.3091209203e+03,2.0729751581e+03,3.2792216317e+03,5.1893348606e+03,8.2474114551e+03,1.2924694295e+04,2.0627276300e+04,3.2424566479e+04,5.1131402835e+04,8.0491130184e+04,1.2664114939e+05,1.9944690670e+05,3.1206146479e+05,4.8784469370e+05,7.6339633301e+05,1.1696089123e+06,1.8292942364e+06,2.7835429297e+06,4.2460826669e+06,6.3720189598e+06,9.5148027338e+06,1.3983984957e+07,2.0107559210e+07,2.8443691992e+07
3.4000000000e+00,2.2080061962e-05,5.7250633844e-05,1.2299977357e-04,2.5366726522e-04,4.8581016460e-04,8.3872187528e-04,1.3147217064e-03,1.9341256323e-03,3.0325065501e-03,4.7903391806e-03,7.5944261388e-03,1.2215958658e-02,1.9127083189e-02,3.0554029688e-02,4.8117450721e-02,7.6340298043e-02,1.2203188045e-01,1.9225365976e-01,3.0633286045e-01,4.8341374961e-01,7.6740936986e-01,1.2208599197e+00,1.9107894298e+00,3.0717717300e+00,4.8426643240e+00,7.6633591335e+00,1.2163107335e+01,1.9289275735e+01,3.0550433835e+01,4.8438236116e+01,7.6869412834e+01,1.2130589808e+02,1.9135003174e+02,3.0659500788e+02,4.8053723208e+02,7.6365852075e+02,1.2121094419e+03,1.9202691336e+03,3.0427067262e+03,4.8017864731e+03,7.6060292568e+03,1.2015687711e+04,1.8854376245e+04,3.0140778955e+04,4.7126873356e+04,7.4338396806e+04,1.1714327069e+05,1.8375163492e+05,2.8698592371e+05,4.4777213221e+05,6.9559554821e+05,1.0783370204e+06,1.6442178204e+06,2.5454161287e+06,3.8217273608e+06,5.6985004445e+06,8.4340773408e+06,1.2274911377e+07,1.7517295709e+07,2.4356662701e+07,3.3215382846e+07
3.6000000000e+00,6.3850743246e-05,1.2875058033e-04,2.5613914003e-04,4.6840272260e-04,7.6318230753e-04,1.1480622923e-03,1.6851210638e-03,2.7044755283e-03,4.2793196909e-03,6.8922058243e-03,1.0910400474e-02,1.7370667132e-02,2.7431948608e-02,4.3972902490e-02,6.8505716955e-02,1.0935963540e-01,1.7210910084e-01,2.7417171574e-01,4.3472771057e-01,6.8749046792e-01,1.0926822863e+00,1.7297387890e+00,2.7268541457e+00,4.3727993965e+00,6.8816514971e+00,1.0907463170e+01,1.7342538800e+01,2.7375667599e+01,4.3519245727e+01,6.8658627872e+01,1.0913252102e+02,1.7295082665e+02,2.7218227430e+02,4.3525761811e+02,6.8438329284e+02,1.0835761613e+03,1.7227515279e+03,2.7236497023e+03,4.3108584638e+03,6.8202459296e+03,1.0780775551e+04,1.7035129996e+04,2.6640587672e+04,4.2492783415e+04,6.6394892977e+04,1.0441921942e+05,1.6362092659e+05,2.5534605501e+05,3.9759289634e+05,6.1528989440e+05,9.5286957317e+05,1.4640713673e+06,2.2023390177e+06,3.3464049518e+06,4.9416654966e+06,7.2696366822e+06,1.0462048741e+07,1.4782002550e+07,2.0333556337e+07,2.7229711581e+07,3.5210797549e+07
3.8000000000e+00,1.2362541068e-04,2.3966223407e-04,4.1749658131e-04,6.4924769161e-04,9.5609353094e-04,1.4837019444e-03,2.3724930455e-03,3.7727526785e-03,6.0502638595e-03,9.4465802987e-03,1.5188374380e-02,2.3979009221e-02,3.7702707334e-02,6.0650045196e-02,9.4884484018e-02,1.5180481960e-01,2.3916467869e-01,3.8044644405e-01,6.0231667579e-01,9.5263105240e-01,1.5083378188e+00,2.4008625252e+00,3.7711915607e+00,6.0279819946e+00,9.5067865775e+00,1.5114599943e+01,2.3920592012e+01,3.7903356524e+01,6.0097628933e+01,9.5211725823e+01,1.5081765395e+02,2.3902568077e+02,3.7618139935e+02,6.0366472894e+02,9.4740392038e+02,1.4974770204e+03,2.3758935177e+03,3.7622194106e+03,5.9506742481e+03,9.3897436769e+03,1.4801433291e+04,2.3441639200e+04,3.6658849050e+04,5.8131090677e+04,9.0665290524e+04,1.4192012703e+05,2.2106534841e+05,3.4540253933e+05,5.3478408422e+05,8.2182700330e+05,1.2539828879e+06,1.8965599492e+06,2.8269176494e+06,4.2161460557e+06,6.1043729732e+06,8.7550619593e+06,1.2158616910e+07,1.6605373427e+07,2.1917877907e+07,2.7871382980e+07,3.3995472888e+07
4.0000000000e+00,2.1967590536e-04,3.5780309751e-04,5.3563642199e-04,8.1642968520e-04,1.2724017448e-03,2.0253311156e-03,3.2441643085e-03,5.1084645543e-03,8.2069581435e-03,1.2797575445e-02,2.0425282109e-02,3.2106422395e-02,5.1230439902e-02,8.2058465525e-02,1.2914690702e-01,2.0345791163e-01,3.2428829590e-01,5.1236643082e-01,8.1353610124e-01,1.2879530331e+00,2.0390300131e+00,3.2461169147e+00,5.0951307051e+00,8.1756629042e+00,1.2857550894e+01,2.0349299184e+01,3.2348198585e+01,5.1122068143e+01,8.1188033199e+01,1.2841198490e+02,2.0324431381e+02,3.2256928310e+02,5.0745888530e+02,8.1162378022e+02,1.2776383593e+03,2.0183738339e+03,3.2037486460e+03,5.0633703266e+03,7.9900474442e+03,1.2597514847e+04,1.9953209908e+04,3.1435078625e+04,4.8844009134e+04,7.7451744508e+04,1.2037056660e+05,1.8740381144e+05,2.9141131373e+05,4.5215043091e+05,6.9193695954e+05,1.0523536753e+06,1.5888203389e+06,2.3722605582e+06,3.4633669147e+06,5.0603746111e+06,7.1440134680e+06,9.8883262104e+06,1.3358426743e+07,1.7415868721e+07,2.1847986250e+07,2.6070454386e+07,2.9593239765e+07
4.2000000000e+00,2.9859528019e-04,4.4343665122e-04,6.7443158300e-04,1.0630257448e-03,1.7237954803e-03,2.7031765048e-03,4.3150533072e-03,6.8131773263e-03,1.0761221870e-02,1.7001467877e-02,2.7025796667e-02,4.3005959430e-02,6.7733202209e-02,1.0785155829e-01,1.6987329063e-01,2.6949228743e-01,4.2877410537e-01,6.7537994451e-01,1.0740319095e+00,1.7077475585e+00,2.6999553210e+00,4.2939913679e+00,6.7288194684e+00,1.0760307228e+01,1.7033814351e+01,2.6861170976e+01,4.2735450048e+01,6.7642506453e+01,1.0713441441e+02,1.7012218699e+02,2.6892579757e+02,4.2653022625e+02,6.7049283012e+02,1.0692514864e+03,1.6888256622e+03,2.6634842706e+03,4.2170529426e+03,6.6653686128e+03,1.0510558109e+04,1.6532595475e+04,2.6042406240e+04,4.0969670332e+04,6.3772353830e+04,1.0081720712e+05,1.5616297786e+05,2.4197551672e+05,3.7321340958e+05,5.7021045555e+05,8.7040295784e+05,1.3037596647e+06,1.9418323815e+06,2.8516900850e+06,4.0755864647e+06,5.7968253361e+06,7.9272455199e+06,1.0547234250e+07,1.3692163758e+07,1.6885094851e+07,1.9968826579e+07,2.2158346430e+07,2.3045798134e+07
4.4000000000e+00,3.6076918476e-04,5.4706523569e-04,8.6108495735e-04,1.4074173353e-03,2.2224363573e-03,3.5083647308e-03,5.5155748141e-03,8.8037416970e-03,1.4037549888e-02,2.2154998489e-02,3.5039651001e-02,5.5547511756e-02,8.7479192006e-02,1.3966910987e-01,2.2031408174e-01,3.5070930152e-01,5.5413861989e-01,8.7874958077e-01,1.3959411145e+00,2.2058169349e+00,3.5021806395e+00,5.5728608985e+00,8.7368492275e+00,1.3995891535e+01,2.2042154047e+01,3.4982582276e+01,5.5499357087e+01,8.7765548542e+01,1.3886238239e+02,2.2033968511e+02,3.4869818945e+02,5.5301794016e+02,8.6765280394e+02,1.3874622714e+03,2.1807273360e+03,3.4507225380e+03,5.4613314884e+03,8.5932059351e+03,1.3528856660e+04,2.1300144588e+04,3.3510538236e+04,5.2494700352e+04,8.1191857311e+04,1.2779030227e+05,1.9671125823e+05,3.0368318168e+05,4.6330157956e+05,7.0368389143e+05,1.0549817404e+06,1.5609925986e+06,2.2824863409e+06,3.2746228702e+06,4.5586365687e+06,6.2914626878e+06,8.3075657941e+06,1.0608498884e+07,1.2995647287e+07,1.5084122938e+07,1.6590743476e+07,1.6966707935e+07,1.5857563539e+07
4.6000000000e+00,4.3625162821e-04,6.9830353024e-04,1.1068991575e-03,1.7992254237e-03,2.8254098890e-03,4.4894974555e-03,7.0437225146e-03,1.1174615546e-02,1.7736516323e-02,2.8013996523e-02,4.4741153692e-02,7.1132126160e-02,1.1179834562e-01,1.7874773022e-01,2.8170236941e-01,4.4566425219e-01,7.0676720030e-01,1.1212522516e+00,1.7762564968e+00,2.8095764165e+00,4.4663366642e+00,7.0704930149e+00,1.1123425821e+01,1.7836214141e+01,2.8028169245e+01,4.4490193168e+01,7.0503183560e+01,1.1177710876e+02,1.7691325557e+02,2.7972472448e+02,4.4382597222e+02,7.0374664418e+02,1.1028464511e+03,1.7622572081e+03,2.7737657442e+03,4.3702433530e+03,6.9092426919e+03,1.0873825104e+04,1.7090613942e+04,2.6895037594e+04,4.2050740086e+04,6.5763948462e+04,1.0139455021e+05,1.5861296352e+05,2.4264206770e+05,3.7049127409e+05,5.6008658060e+05,8.4080074473e+05,1.2465281325e+06,1.8077439306e+06,2.5815426478e+06,3.6164826743e+06,4.8847172505e+06,6.4875585987e+06,8.1934783484e+06,9.9679365729e+06,1.1493182777e+07,1.2431490028e+07,1.2497286784e+07,1.1529091347e+07,9.5240524446e+06
4.8000000000e+00,5.5265620957e-04,8.8759842676e-04,1.3973648799e-03,2.2366517378e-03,3.5517317903e-03,5.5747965616e-03,8.8296894337e-03,1.4021213856e-02,2.2296836331e-02,3.5409661526e-02,5.6028123824e-02,8.8840223679e-02,1.3940291472e-01,2.2343445613e-01,3.5264348640e-01,5.5917084517e-01,8.8538778002e-01,1.4048370503e+00,2.2321570958e+00,3.5295671741e+00,5.6012950365e+00,8.8980279012e+00,1.3969633817e+01,2.2384842301e+01,3.5230109615e+01,5.5788853713e+01,8.8495172012e+01,1.3993877871e+02,2.2148782122e+02,3.5099768527e+02,5.5637111617e+02,8.7737862446e+02,1.3774734334e+03,2.2067245885e+03,3.4595944466e+03,5.4510909047e+03,8.5934792192e+03,1.3513189985e+04,2.1247193919e+04,3.3100843746e+04,5.1837073277e+04,8.0847530701e+04,1.2383348928e+05,1.9205973533e+05,2.9190099293e+05,4.4135465759e+05,6.6021352479e+05,9.7308525432e+05,1.4145140525e+06,2.0122616298e+06,2.8064900399e+06,3.8117241092e+06,4.9803441734e+06,6.3363917888e+06,7.6007189835e+06,8.7118983692e+06,9.3548932470e+06,9.3010636618e+06,8.4488468763e+06,6.8848096334e+06,4.9424201171e+06
5.0000000000e+00,6.9095307710e-04,1.0913971626e-03,1.7297405241e-03,2.7635223170e-03,4.3240362455e-03,6.8691186392e-03,1.0918228655e-02,1.7461927721e-02,2.7597548466e-02,4.3676680133e-02,6.8851552526e-02,1.0999064926e-01,1.7269805193e-01,2.7682637697e-01,4.3581857605e-01,6.9207285476e-01,1.0965785372e+00,1.7357795217e+00,2.7495166514e+00,4.3549929708e+00,6.9119087806e+00,1.0985077021e+01,1.7229043887e+01,2.7623861363e+01,4.3526062548e+01,6.8870429137e+01,1.0917159486e+02,1.7292247486e+02,2.7433414263e+02,4.3321208927e+02,6.8527049368e+02,1.0841504864e+03,1.6989778038e+03,2.7182297308e+03,4.2510600841e+03,6.6914385143e+03,1.0534920705e+04,1.6540982105e+04,2.5856193531e+04,4.0369149598e+04,6.2669625440e+04,9.7370182861e+04,1.4806038123e+05,2.2871816465e+05,3.4311968537e+05,5.1150646854e+05,7.5626752263e+05,1.0955806538e+06,1.5622233783e+06,2.1700528417e+06,2.9323347493e+06,3.8429910125e+06,4.8113140145e+06,5.8112467075e+06,6.6031603744e+06,7.0438442585e+06,6.9596844467e+06,6.2733405724e+06,5.0494459038e+06,3.5741211860e+06,2.1562670533e+06
5.2000000000e+00,8.4366549451e-04,1.3507460855e-03,2.1175391762e-03,3.3629730587e-03,5.3232971007e-03,8.4134309205e-03,1.3382780425e-02,2.1289483486e-02,3.3581847359e-02,5.3301571863e-02,8.4200666259e-02,1.3393087680e-01,2.1058841817e-01,3.3776062598e-01,5.3103534703e-01,8.4207778196e-01,1.3367400714e+00,2.1191087999e+00,3.3644678583e+00,5.3103810354e+00,8.4217682529e+00,1.3373722902e+01,2.1020315871e+01,3.3715009074e+01,5.3034413859e+01,8.3973858142e+01,1.3302844789e+02,2.1031573455e+02,3.3298193195e+02,5.2612008579e+02,8.3385590187e+02,1.3183758424e+03,2.0709866095e+03,3.2929705585e+03,5.1501313461e+03,8.0998235370e+03,1.2710786650e+04,1.9900139262e+04,3.1082413560e+04,4.8253753838e+04,7.4662278092e+04,1.1482592417e+05,1.7377598128e+05,2.6487253436e+05,3.9386766418e+05,5.8083837429e+05,8.4368632688e+05,1.1997308178e+06,1.6689868926e+06,2.2475858865e+06,2.9374361261e+06,3.6951462213e+06,4.4146507683e+06,5.0310620428e+06,5.3315623291e+06,5.2648533019e+06,4.7066349893e+06,3.7805240610e+06,2.6547583263e+06,1.5871987982e+06,7.7942924459e+05
5.4000000000e+00,1.0172364756e-03,1.6190692553e-03,2.5406120926e-03,4.0793658992e-03,6.4184228223e-03,1.0126393092e-02,1.6038520199e-02,2.5403522115e-02,4.0476012576e-02,6.4186344811e-02,1.0169735666e-01,1.6119330353e-01,2.5350649967e-01,4.0663929739e-01,6.3991746582e-01,1.0169874861e+00,1.6089287208e+00,2.5511866964e+00,4.0482305500e+00,6.4153391738e+00,1.0149207870e+01,1.6097474565e+01,2.5347065069e+01,4.0461285988e+01,6.3733858519e+01,1.0087684820e+02,1.6014435926e+02,2.5322712048e+02,4.0047747844e+02,6.3315713595e+02,1.0012375130e+03,1.5847973756e+03,2.4737085009e+03,3.9451850350e+03,6.1650594821e+03,9.6742144920e+03,1.5122716771e+04,2.3608272350e+04,3.6753208450e+04,5.6666066269e+04,8.7035209249e+04,1.3312834875e+05,1.9986961618e+05,3.0113174451e+05,4.4276116109e+05,6.3963095626e+05,9.1230018214e+05,1.2657285116e+06,1.7135874033e+06,2.2350667199e+06,2.8062200989e+06,3.3726880580e+06,3.8191856111e+06,4.0622779730e+06,3.9908586728e+06,3.5732270485e+06,2.8598396466e+06,2.0054815679e+06,1.1975046006e+06,5.8897690414e+05,2.2960553066e+05
5.6000000000e+00,1.2040904851e-03,1.9320235518e-03,3.0360272119e-03,4.8411832264e-03,7.6356093341e-03,1.2112643673e-02,1.9278336240e-02,3.0430248708e-02,4.8267827495e-02,7.6264682724e-02,1.2128616715e-01,1.9142352697e-01,3.0181667098e-01,4.8252791582e-01,7.6260925784e-01,1.2098082755e+00,1.9121546129e+00,3.0365278743e+00,4.8121824132e+00,7.6094479675e+00,1.2062644486e+01,1.9153942634e+01,3.0086982697e+01,4.8222806409e+01,7.5880635286e+01,1.2009368851e+02,1.9005256420e+02,3.0072863916e+02,4.7533443532e+02,7.5058491768e+02,1.1851433687e+03,1.8745853897e+03,2.9284270362e+03,4.6537512200e+03,7.2621927612e+03,1.1356655514e+04,1.7714259941e+04,2.7534257487e+04,4.2664870763e+04,6.5473533383e+04,1.0000631692e+05,1.5128771586e+05,2.2483483569e+05,3.3507825901e+05,4.8380259456e+05,6.8919844160e+05,9.5761460718e+05,1.2930244008e+06,1.6911859764e+06,2.1344421361e+06,2.5585050651e+06,2.9069975831e+06,3.0953223678e+06,3.0490023812e+06,2.7432683790e+06,2.2025838652e+06,1.5508374524e+06,9.2604630771e+05,4.5822064236e+05,1.7895161769e+05,5.2822496321e+04
5.8000000000e+00,1.4227966176e-03,2.2675153234e-03,3.5523962317e-03,5.6949746612e-03,8.9629033139e-03,1.4264391267e-02,2.2607453813e-02,3.5691659253e-02,5.6664280749e-02,8.9914051719e-02,1.4244944494e-01,2.2635331281e-01,3.5543108722e-01,5.6883085844e-01,8.9832059947e-01,1.4229598377e+00,2.2526487239e+00,3.5825868925e+00,5.6605492854e+00,8.9701457451e+00,1.4200216546e+01,2.2581641356e+01,3.5411773854e+01,5.6574307473e+01,8.9216971857e+01,1.4131895364e+02,2.2360584947e+02,3.5376297436e+02,5.5889399434e+02,8.8193879549e+02,1.3921632651e+03,2.1938073894e+03,3.4251087255e+03,5.4319122143e+03,8.4619096882e+03,1.3188784390e+04,2.0537442251e+04,3.1777670306e+04,4.8829714282e+04,7.4676829594e+04,1.1268351208e+05,1.6922429827e+05,2.4858799651e+05,3.6406709796e+05,5.1621910978e+05,7.1775939249e+05,9.7438922396e+05,1.2773611803e+06,1.6165557550e+06,1.9432214848e+06,2.2163137942e+06,2.3724062730e+06,2.3484204859e+06,2.1155914320e+06,1.7185489626e+06,1.2189394834e+06,7.3521921799e+05,3.6845980551e+05,1.4561466828e+05,4.3633712833e+04,9.2529490713e+03
6.0000000000e+00,1.6570916000e-03,2.6385509089e-03,4.1634156733e-03,6.6595263476e-03,1.0471488166e-02,1.6547643362e-02,2.6158978302e-02,4.1736431431e-02,6.6225442337e-02,1.0437269938e-01,1.6622132031e-01,2.6353119337e-01,4.1385289160e-01,6.6278024740e-01,1.0440357770e+00,1.6561203100e+00,2.6230625297e+00,4.1545777945e+00,6.6037327036e+00,1.0444479259e+01,1.6531868467e+01,2.6261844273e+01,4.1323622482e+01,6.5878066739e+01,1.0385873711e+02,1.6438008382e+02,2.6006577519e+02,4.1016163476e+02,6.4933093592e+02,1.0213498102e+03,1.6105057268e+03,2.5407366827e+03,3.9533543853e+03,6.2589514088e+03,9.7160525305e+03,1.5107146528e+04,2.3432165739e+04,3.6034104085e+04,5.5126017289e+04,8.3382393660e+04,1.2523871926e+05,1.8523626172e+05,2.6795313919e+05,3.8586569165e+05,5.3644700321e+05,7.2919022162e+05,9.5973358870e+05,1.2156296976e+06,1.4729293904e+06,1.6908422452e+06,1.8196066049e+06,1.8130033099e+06,1.6603612741e+06,1.3499851817e+06,9.7258209874e+05,5.9630099422e+05,3.0342674518e+05,1.2296686005e+05,3.7688114560e+04,8.2786237435e+03,1.1958345134e+03
6.2000000000e+00,1.9276582885e-03,3.0435667293e-03,4.8042744292e-03,7.6298270276e-03,1.2053883106e-02,1.9128221542e-02,3.0395505104e-02,4.8074694790e-02,7.6387862005e-02,1.2064633258e-01,1.9156205085e-01,3.0327156040e-01,4.7884139653e-01,7.6461992319e-01,1.2037356657e+00,1.9090176260e+00,3.0240336849e+00,4.8008965558e+00,7.6031611382e+00,1.2055508701e+01,1.9096291231e+01,3.0280964802e+01,4.7596665310e+01,7.6185372929e+01,1.1958702375e+02,1.8909750939e+02,2.9891804545e+02,4.7201823824e+02,7.4443907468e+02,1.1725904195e+03,1.8489655067e+03,2.9048250999e+03,4.5213452876e+03,7.1408528329e+03,1.1050507778e+04,1.7085950652e+04,2.6401737820e+04,4.0336973205e+04,6.1178353374e+04,9.1659011677e+04,1.3629280742e+05,1.9903962818e+05,2.8347862223e+05,3.9965731373e+05,5.4215193167e+05,7.1803166067e+05,9.1372617047e+05,1.1153748141e+06,1.2859724211e+06,1.3988834479e+06,1.4070136367e+06,1.2976766936e+06,1.0776200019e+06,7.8069689462e+05,4.9239934967e+05,2.5626715353e+05,1.0673182180e+05,3.3935902843e+04,7.7071302489e+03,1.1761564138e+03,1.0860964473e+02
6.4000000000e+00,2.1923152938e-03,3.4892467209e-03,5.4561619574e-03,8.7363306411e-03,1.3827318956e-02,2.1821391834e-02,3.4659377769e-02,5.5040062918e-02,8.7186571861e-02,1.3790682960e-01,2.1897998841e-01,3.4720358764e-01,5.4641919432e-01,8.7492118708e-01,1.3805492865e+00,2.1833586135e+00,3.4622916830e+00,5.4874898321e+00,8.7024141002e+00,1.3791874895e+01,2.1844337317e+01,3.4550767043e+01,5.4300257786e+01,8.6827299335e+01,1.3625987139e+02,2.1545297362e+02,3.4074652167e+02,5.3792963410e+02,8.4815595732e+02,1.3358974710e+03,2.0940722823e+03,3.2934329519e+03,5.1006681820e+03,8.0442896318e+03,1.2391842823e+04,1.9123691934e+04,2.9266307979e+04,4.4479305334e+04,6.6989591282e+04,9.9471644706e+04,1.4547466905e+05,2.0919508315e+05,2.9203953742e+05,4.0363358037e+05,5.3423799363e+05,6.8233185976e+05,8.3943759432e+05,9.7689250500e+05,1.0739092844e+06,1.0919501626e+06,1.0219837804e+06,8.6011465877e+05,6.4529431203e+05,4.0876739904e+05,2.1997719084e+05,9.5026596079e+04,3.1366885548e+04,7.5249118546e+03,1.2110912366e+03,1.2134441468e+02,6.6979393147e+00
6.6000000000e+00,2.4810616327e-03,3.9283197712e-03,6.1958879826e-03,9.9182087016e-03,1.5623321653e-02,2.4755085450e-02,3.9298741731e-02,6.2286440618e-02,9.8655367383e-02,1.5641670785e-01,2.4798791361e-01,3.9384970326e-01,6.1878671150e-01,9.9061616341e-01,1.5597875712e+00,2.4728014014e+00,3.9251223993e+00,6.2165070134e+00,9.8586659331e+00,1.5572132747e+01,2.4720015978e+01,3.9192927576e+01,6.1399557260e+01,9.8232754453e+01,1.5397933933e+02,2.4315498911e+02,3.8492332752e+02,6.0655923578e+02,9.5480228987e+02,1.4990595847e+03,2.3562024026e+03,3.6789618376e+03,5.7073260723e+03,8.9783578467e+03,1.3758222397e+04,2.1068826192e+04,3.2050868797e+04,4.8309463006e+04,7.2148305096e+04,1.0555817362e+05,1.5238583227e+05,2.1536155482e+05,2.9508428879e+05,3.9734003444e+05,5.0986379791e+05,6.3116078845e+05,7.4188466815e+05,8.2325335510e+05,8.5056503394e+05,8.0738050442e+05,6.9481614703e+05,5.2680323315e+05,3.5026458824e+05,1.9009471298e+05,8.6034627607e+04,2.9883483387e+04,7.5576651282e+03,1.3103094451e+03,1.4230893116e+02,8.7662015600e+00,2.6628867849e-01
6.8000000000e+00,2.7871420316e-03,4.4057260074e-03,6.9715360667e-03,1.1150293322e-02,1.7581707530e-02,2.7820979122e-02,4.4201235650e-02,6.9916683151e-02,1.1098091316e-01,1.7544782588e-01,2.7842304988e-01,4.4199774950e-01,6.9438473826e-01,1.1140340538e+00,1.7531108803e+00,2.7762290062e+00,4.3974305733e+00,6.9709310946e+00,1.1030999713e+01,1.7505240402e+01,2.7745725096e+01,4.3922471160e+01,6.8792388793e+01,1.0997911758e+02,1.7287709052e+02,2.7333539547e+02,4.3027225301e+02,6.7768073066e+02,1.0654629561e+03,1.6713105571e+03,2.6164851196e+03,4.0869730981e+03,6.3000979950e+03,9.8422899756e+03,1.5034479478e+04,2.2937208012e+04,3.4678648132e+04,5.1705333828e+04,7.6235221487e+04,1.1016450645e+05,1.5636270800e+05,2.1713026681e+05,2.8972105088e+05,3.7889668334e+05,4.7218246010e+05,5.6183621578e+05,6.3061219152e+05,6.6123500569e+05,6.3919879993e+05,5.5801477918e+05,4.3711314957e+05,2.9507561679e+05,1.7143197396e+05,7.8330114134e+04,2.8951231292e+04,7.8351376306e+03,1.4613469610e+03,1.7471258213e+02,1.2004565557e+01,4.2353532611e-01,6.4632926896e-03
7.0000000000e+00,3.0973198415e-03,4.9294280171e-03,7.7565637013e-03,1.2401407583e-02,1.9556054587e-02,3.0940483401e-02,4.9261271122e-02,7.7946765460e-02,1.2334925182e-01,1.9553824357e-01,3.0977672573e-01,4.9256283668e-01,7.7374755585e-01,1.2392060168e+00,1.9513343121e+00,3.0883800030e+00,4.8984421336e+00,7.7606246952e+00,1.2309174708e+01,1.9463225118e+01,3.0808929144e+01,4.8881461000e+01,7.6552506032e+01,1.2218107029e+02,1.9173744425e+02,3.0258792528e+02,4.7747520661e+02,7.5050688349e+02,1.1794286070e+03,1.8436451380e+03,2.8812344877e+03,4.4830449794e+03,6.8939511548e+03,1.0714234260e+04,1.6303340270e+04,2.4665432920e+04,3.6912590547e+04,5.4500486374e+04,7.9083397804e+04,1.1300888177e+05,1.5737805710e+05,2.1301192766e+05,2.7794485031e+05,3.5220131845e+05,4.2304592297e+05,4.8038719109e+05,5.1138379446e+05,5.0417977808e+05,4.5116798129e+05,3.6222125713e+05,2.5339312155e+05,1.5040172343e+05,7.4334863982e+04,2.8090141502e+04,8.2345095266e+03,1.6731076051e+03,2.2054965172e+02,1.7217477399e+01,7.0252453834e-01,1.3111787996e-02,9.1425782042e-05
7.2000000000e+00,3.4280595526e-03,5.4543840746e-03,8.5417895083e-03,1.3717562444e-02,2.1587147701e-02,3.4297078506e-02,5.4288188229e-02,8.6139340020e-02,1.3655055098e-01,2.1598809336e-01,3.4251781671e-01,5.4331479172e-01,8.5437571760e-01,1.3688839466e+00,2.1574158275e+00,3.4153852788e+00,5.4091546967e+00,8.5702733451e+00,1.3573746746e+01,2.1417301106e+01,3.3986925255e+01,5.3813110906e+01,8.4395261536e+01,1.3470062362e+02,2.1119379134e+02,3.3287328623e+02,5.2401259349e+02,8.2227790943e+02,1.2903902445e+03,2.0172292586e+03,3.1378149069e+03,4.8742611981e+03,7.4666867078e+03,1.1519175435e+04,1.7406709048e+04,2.6094465278e+04,3.8723317030e+04,5.6621135546e+04,8.1034132393e+04,1.1358980058e+05,1.5481805681e+05,2.0497243256e+05,2.5992702872e+05,3.1762209921e+05,3.6615260676e+05,3.9628895186e+05,3.9715743501e+05,3.6429418942e+05,2.9986833585e+05,2.1733710014e+05,1.3437157323e+05,6.8712619214e+04,2.8629379266e+04,8.6247227503e+03,1.9476841332e+03,2.8629187755e+02,2.5288987885e+01,1.2172375454e+00,2.7273876050e-02,2.4600157175e-04,7.0535498183e-07
7.4000000000e+00,3.7592890631e-03,5.9516466608e-03,9.3715074297e-03,1.5020001048e-02,2.3663192522e-02,3.7461382029e-02,5.9526456121e-02,9.4338693198e-02,1.4941710966e-01,2.3692860878e-01,3.7469408280e-01,5.9568292152e-01,9.3725447719e-01,1.4980778420e+00,2.3632007765e+00,3.7385023799e+00,5.9250681080e+00,9.3859101827e+00,1.4847590182e+01,2.3495837584e+01,3.7207853673e+01,5.8898095840e+01,9.2294811544e+01,1.4706778375e+02,2.3074378255e+02,3.6335728591e+02,5.7147846735e+02,8.9573475628e+02,1.4019476503e+03,2.1831622160e+03,3.3851834746e+03,5.2403147325e+03,7.9693761302e+03,1.2220207123e+04,1.8333374517e+04,2.7318333828e+04,4.0111732025e+04,5.7593461400e+04,8.1315951705e+04,1.1194419462e+05,1.4928163600e+05,1.9221215715e+05,2.3535932904e+05,2.7653931695e+05,3.0440192216e+05,3.1198975638e+05,2.9336801308e+05,2.4830906464e+05,1.8616151037e+05,1.2009612615e+05,6.4694911936e+04,2.8070165151e+04,9.5354537830e+03,2.2421856761e+03,3.7558486775e+02,3.8090695806e+01,2.1468562428e+00,5.9292486426e-02,6.7546629696e-04,2.6763032400e-06,2.8099038839e-09
7.6000000000e+00,4.0854460123e-03,6.5052853467e-03,1.0209264230e-02,1.6366010030e-02,2.5752865919e-02,4.0773379058e-02,6.4651225226e-02,1.0266453717e-01,1.6256757939e-01,2.5744644991e-01,4.0771791555e-01,6.4790906229e-01,1.0176056142e+00,1.6283978945e+00,2.5659392465e+00,4.0610766544e+00,6.4393700915e+00,1.0194211180e+01,1.6156631942e+01,2.5519398934e+01,4.0433405777e+01,6.3850257378e+01,9.9960137445e+01,1.5943459517e+02,2.4966217422e+02,3.9289382713e+02,6.1676705013e+02,9.6591958884e+02,1.5052323564e+03,2.3385913608e+03,3.6138460040e+03,5.5666120771e+03,8.4211434554e+03,1.2865652983e+04,1.9125538822e+04,2.8184656587e+04,4.0774645687e+04,5.7894955892e+04,8.0353899315e+04,1.0774190680e+05,1.4039337247e+05,1.7478249634e+05,2.0738734414e+05,2.3239813267e+05,2.4341256930e+05,2.3477543224e+05,2.0484380570e+05,1.5898128880e+05,1.0697673379e+05,6.0814417273e+04,2.8027847686e+04,1.0033450798e+04,2.7315058728e+03,4.8073579568e+02,5.7527171488e+01,3.8487888873e+00,1.2941647830e-01,1.9212067023e-03,1.0194684307e-05,1.6021669824e-08,5.3783132637e-12
7.8000000000e+00,4.4096717204e-03,6.9935819111e-03,1.0993488821e-02,1.7625610181e-02,2.7768704308e-02,4.3936257655e-02,6.9952950429e-02,1.1043940024e-01,1.7560518924e-01,2.7799191474e-01,4.3988697426e-01,6.9920302077e-01,1.0976964437e+00,1.7603905194e+00,2.7663352909e+00,4.3813254595e+00,6.9426674294e+00,1.0991198427e+01,1.7394035236e+01,2.7459127772e+01,4.3452612014e+01,6.8743754989e+01,1.0757890324e+02,1.7135423305e+02,2.6754750568e+02,4.2117545820e+02,6.5946266816e+02,1.0286049040e+03,1.6042519576e+03,2.4822253920e+03,3.8324969519e+03,5.8618807413e+03,8.7983729849e+03,1.3353600975e+04,1.9620147741e+04,2.8618699637e+04,4.0870493717e+04,5.6973937622e+04,7.7306631947e+04,1.0168763711e+05,1.2831401630e+05,1.5495733339e+05,1.7650729706e+05,1.8895348783e+05,1.8646515145e+05,1.6818577590e+05,1.3494168152e+05,9.5027529606e+04,5.6695475756e+04,2.7922090054e+04,1.0826476101e+04,3.1201898306e+03,6.5913563047e+02,8.3864054094e+01,6.8651260374e+00,2.8583260216e-01,5.3994355156e-03,3.9605161887e-05,8.9345425944e-08,4.9466993939e-11,4.5273813090e-15
8.0000000000e+00,4.7319724254e-03,7.5123619694e-03,1.1793662243e-02,1.8880059771e-02,2.9746060208e-02,4.7119869848e-02,7.4764058837e-02,1.1867963638e-01,1.8785514588e-01,2.9742761160e-01,4.7214499792e-01,7.4910580663e-01,1.1760570849e+00,1.8843102528e+00,2.9628260578e+00,4.6871978574e+00,7.4285717052e+00,1.1732934838e+01,1.8589515203e+01,2.9364141735e+01,4.6420060054e+01,7.3356798375e+01,1.1477220354e+02,1.8299938369e+02,2.8533151110e+02,4.4799376729e+02,7.0073306672e+02,1.0913608286e+03,1.6917610982e+03,2.6062284206e+03,4.0052708592e+03,6.0923613907e+03,9.0921722532e+03,1.3683144594e+04,1.9898524115e+04,2.8621659781e+04,4.0217120571e+04,5.5124437555e+04,7.3225769923e+04,9.3545061173e+04,1.1447612367e+05,1.3289266613e+05,1.4520657657e+05,1.4675827070e+05,1.3627106704e+05,1.1383735448e+05,8.3400120496e+04,5.2489751483e+04,2.7436741911e+04,1.1505729519e+04,3.6627786266e+03,8.3321722210e+02,1.3210631176e+02,1.1654397597e+01,6.1788453199e-01,1.5197631071e-02,1.5044807339e-04,5.0192817616e-07,4.3121874987e-10,7.3151785956e-14,1.5133148339e-18
8.2000000000e+00,5.0274057750e-03,7.9908263011e-03,1.2540379100e-02,2.0066173860e-02,3.1654294113e-02,5.0169931600e-02,7.9428228567e-02,1.2600800388e-01,1.9972554252e-01,3.1605407046e-01,5.0202119594e-01,7.9501367142e-01,1.2500731846e+00,2.0020416267e+00,3.1506118837e+00,4.9788791895e+00,7.8980026324e+00,1.2484717051e+01,1.9763943001e+01,3.1220748716e+01,4.9178771638e+01,7.7826996194e+01,1.2139051220e+02,1.9337725696e+02,3.0140282385e+02,4.7170681837e+02,7.3533488993e+02,1.1441762585e+03,1.7699576481e+03,2.7123905095e+03,4.1372769587e+03,6.2647672230e+03,9.2945793666e+03,1.3808227601e+04,1.9911013102e+04,2.8163794689e+04,3.8975376447e+04,5.2315184762e+04,6.7729529550e+04,8.4061460386e+04,9.9416015464e+04,1.1083336709e+05,1.1512550410e+05,1.0989437949e+05,9.4875937518e+04,7.2719793976e+04,4.8174331587e+04,2.6862907438e+04,1.2055281583e+04,4.2320090518e+03,1.0765071962e+03,1.8752858204e+02,2.1502066083e+01,1.2612659853e+00,4.1379695051e-02,5.6119914669e-04,2.6792870604e-06,3.7122864214e-09,1.0776332270e-12,4.7421968604e-17,1.7548103798e-22
8.4000000000e+00,5.3100259371e-03,8.4150677864e-03,1.3210893916e-02,2.1190119541e-02,3.3335091578e-02,5.2882521273e-02,8.3874226288e-02,1.3279432758e-01,2.1089683027e-01,3.3417670224e-01,5.2843256454e-01,8.4039562132e-01,1.3191544065e+00,2.1121909746e+00,3.3149118185e+00,5.2466817565e+00,8.3151281300e+00,1.3149177231e+01,2.0819865860e+01,3.2781391917e+01,5.1760478075e+01,8.1747472801e+01,1.2772141626e+02,2.0246786868e+02,3.1528000272e+02,4.9270635710e+02,7.6773757571e+02,1.1901491434e+03,1.8313451032e+03,2.8004837874e+03,4.2447429187e+03,6.3764209749e+03,9.3605836946e+03,1.3742531482e+04,1.9523416402e+04,2.7288761122e+04,3.7019455829e+04,4.8527286419e+04,6.1220713204e+04,7.3453239398e+04,8.3659809131e+04,8.9115743729e+04,8.7780506950e+04,7.8341444772e+04,6.2692215198e+04,4.3710051532e+04,2.5799454143e+04,1.2507799340e+04,4.7860647596e+03,1.3648966787e+03,2.7120669432e+02,3.4878180500e+01,2.7894887084e+00,1.0335231296e-01,1.9796004888e-03,1.3820112185e-05,2.9558515026e-08,1.5238684386e-11,1.2880610270e-15,1.2022347467e-20,6.1392604298e-27
8.6000000000e+00,5.5470796964e-03,8.7902953910e-03,1.3844512157e-02,2.2206571613e-02,3.4936377888e-02,5.5333513681e-02,8.7936652383e-02,1.3913541118e-01,2.2071746906e-01,3.4939183355e-01,5.5429958783e-01,8.7741489313e-01,1.3804790610e+00,2.2080761473e+00,3.4778540486e+00,5.4999265010e+00,8.7032184683e+00,1.3776433729e+01,2.1736076778e+01,3.4309513852e+01,5.4107161032e+01,8.5403610394e+01,1.3331858118e+02,2.1049885693e+02,3.2747619162e+02,5.0967631517e+02,7.9222741730e+02,1.2227046866e+03,1.8778401264e+03,2.8557079863e+03,4.2998953233e+03,6.4010603437e+03,9.3207974765e+03,1.3532328904e+04,1.8907543802e+04,2.5910640612e+04,3.4447431340e+04,4.4028627654e+04,5.3970802259e+04,6.2520403705e+04,6.8319337744e+04,6.9005313252e+04,6.4076839093e+04,5.3089704400e+04,3.8992385166e+04,2.4470286559e+04,1.2756673583e+04,5.3133452204e+03,1.6736041535e+03,3.8175744144e+02,5.7713881215e+01,5.2765954207e+00,2.8232321403e-01,6.2833531320e-03,6.6122974933e-05,2.2055322711e-07,1.9138276665e-10,3.2332470140e-14,6.6961444017e-19,1.0484685700e-24,5.4728924126e-32
8.8000000000e+00,5.7734636753e-03,9.1508855521e-03,1.4404749867e-02,2.3043413797e-02,3.6320125216e-02,5.7576257666e-02,9.1343310794e-02,1.4441815321e-01,2.2937883386e-01,3.6312773638e-01,5.7542481604e-01,9.1312678642e-01,1.4341173478e+00,2.2945821083e+00,3.6082295055e+00,5.6966243096e+00,9.0425953170e+00,1.4269074503e+01,2.2580112930e+01,3.5530068139e+01,5.5910781109e+01,8.8214108476e+01,1.3722304297e+02,2.1704180466e+02,3.3672434154e+02,5.2397832199e+02,8.1101936609e+02,1.2470282472e+03,1.9012324684e+03,2.8774557986e+03,4.2973314475e+03,6.3411224337e+03,9.1383338294e+03,1.3072132359e+04,1.8024763809e+04,2.4195151487e+04,3.1416719033e+04,3.9112795843e+04,4.6254395151e+04,5.1601664016e+04,5.3781089103e+04,5.1435093146e+04,4.4692931412e+04,3.4140707949e+04,2.2813959134e+04,1.2728206177e+04,5.7455056375e+03,2.0169168802e+03,5.1801275799e+02,9.1655199110e+01,1.0160860340e+01,6.3946452057e-01,2.1820885523e-02,2.7501341935e-04,1.4916290646e-06,2.1964812969e-09,6.9099095498e-13,3.2924486345e-17,1.3515312317e-22,2.7183717754e-29,1.0298475200e-37
9.0000000000e+00,5.9513708538e-03,9.4448198523e-03,1.4867533157e-02,2.3840420477e-02,3.7506669770e-02,5.9414888817e-02,9.4257085587e-02,1.4940857269e-01,2.3655863516e-01,3.7476969179e-01,5.9424671950e-01,9.4112854655e-01,1.4793392756e+00,2.3680940270e+00,3.7177051132e+00,5.8879829335e+00,9.3139196076e+00,1.4674492929e+01,2.3188402417e+01,3.6523706382e+01,5.7482306233e+01,9.0425331474e+01,1.4073575130e+02,2.2217714854e+02,3.4337070331e+02,5.3350854035e+02,8.2175467399e+02,1.2592931309e+03,1.9103183085e+03,2.8697611289e+03,4.2534617743e+03,6.2155915329e+03,8.8302400420e+03,1.2443589781e+04,1.6832643261e+04,2.2139495248e+04,2.8037580534e+04,3.3866588893e+04,3.8657894872e+04,4.1314505998e+04,4.0856605979e+04,3.6686131748e+04,2.9650776633e+04,2.0690342609e+04,1.2448045500e+04,6.0999457556e+03,2.3574092495e+03,6.8374892690e+02,1.3899031028e+02,1.8625009356e+01,1.4664272785e+00,6.0609441762e-02,1.2579220732e-03,8.4739101675e-06,2.1967606021e-08,1.2996620931e-11,1.2961706894e-15,1.4465372598e-20,9.3071842697e-27,1.7832108725e-34,3.3441207635e-44
9.2000000000e+00,6.1003755055e-03,9.6876539865e-03,1.5214872248e-02,2.4399505189e-02,3.8382872889e-02,6.0758486426e-02,9.6517629044e-02,1.5295416583e-01,2.4230711671e-01,3.8389031770e-01,6.0740857718e-01,9.6316649085e-01,1.5112608322e+00,2.4182844114e+00,3.8055433181e+00,6.0057712405e+00,9.5018281860e+00,1.4995741826e+01,2.3697941940e+01,3.7214439757e+01,5.8628524531e+01,9.2018064839e+01,1.4299122354e+02,2.2499459419e+02,3.4749373164e+02,5.3733888180e+02,8.2474729381e+02,1.2567634460e+03,1.8952429658e+03,2.8224394422e+03,4.1419330545e+03,5.9883333654e+03,8.4028162223e+03,1.1672447133e+04,1.5488041424e+04,1.9867345591e+04,2.4431939994e+04,2.8474924797e+04,3.1304105130e+04,3.1926970797e+04,2.9880512046e+04,2.5053287725e+04,1.8671459318e+04,1.1770656905e+04,6.2903262441e+03,2.6785950369e+03,8.6754482633e+02,2.0391899763e+02,3.1970513628e+01,3.1414903772e+00,1.6899936810e-01,4.3942095887e-03,5.2739038710e-05,1.7755167770e-07,2.0381196308e-10,4.2814492792e-14,1.1594878528e-18,2.4622862465e-24,1.9009595244e-31,2.4617965690e-40,1.4981278898e-51
9.4000000000e+00,6.1824939411e-03,9.8379231481e-03,1.5449484832e-02,2.4768652293e-02,3.9019441793e-02,6.1723802737e-02,9.7917074111e-02,1.5531903622e-01,2.4580804263e-01,3.8860047308e-01,6.1709530921e-01,9.7747968353e-01,1.5345524712e+00,2.4519442174e+00,3.8646733844e+00,6.0975755988e+00,9.6408101880e+00,1.5190563132e+01,2.3983428651e+01,3.7671850155e+01,5.9214573950e+01,9.2987587181e+01,1.4373508760e+02,2.2578440839e+02,3.4813846244e+02,5.3662822544e+02,8.2117804854e+02,1.2405116421e+03,1.8625343651e+03,2.7476293730e+03,3.9953013521e+03,5.6906758352e+03,7.8738172432e+03,1.0706135104e+04,1.3913180257e+04,1.7420998803e+04,2.0785518848e+04,2.3397056747e+04,2.4569442063e+04,2.3826744592e+04,2.0884691570e+04,1.6268271237e+04,1.1097118544e+04,6.2610891391e+03,2.9399299606e+03,1.0641863482e+03,2.8477752870e+02,5.2878335547e+01,6.2530919615e+00,4.3344589773e-01,1.5287313744e-02,2.3941699357e-04,1.5709217031e-06,2.4609756671e-09,1.1261581879e-12,7.3584027691e-17,4.4982997128e-22,1.4300052710e-28,9.7731115680e-37,5.8789695054e-47,7.2249679595e-60
9.6000000000e+00,6.2432856154e-03,9.9035667704e-03,1.5577262563e-02,2.4937014362e-02,3.9230666340e-02,6.2202818521e-02,9.8558485339e-02,1.5622105686e-01,2.4736354953e-01,3.9196723215e-01,6.2046742124e-01,9.8411613853e-01,1.5419817351e+00,2.4665236320e+00,3.8782731534e+00,6.1291994189e+00,9.6641438697e+00,1.5258155056e+01,2.3995787304e+01,3.7790930098e+01,5.9221351290e+01,9.2815527996e+01,1.4338146735e+02,2.2492908444e+02,3.4482436203e+02,5.2854450331e+02,8.0556878393e+02,1.2132512154e+03,1.8024440180e+03,2.6351969184e+03,3.7898149478e+03,5.3262347352e+03,7.2409226862e+03,9.6541668423e+03,1.2249833326e+04,1.4916630408e+04,1.7203689981e+04,1.8601191376e+04,1.8638299270e+04,1.7022009077e+04,1.3944796588e+04,1.0012721331e+04,6.1820483341e+03,3.0848258951e+03,1.2532658270e+03,3.8208311002e+02,8.2410091276e+01,1.1788235927e+01,1.0190613594e+00,4.8159653400e-02,1.0713873157e-03,9.5745491039e-06,3.2289026914e-08,2.1495950687e-11,3.4951712234e-15,6.0416051119e-20,6.7297554459e-26,2.4494217456e-33,1.0564864148e-42,1.9462940648e-54,2.8475281426e-69
9.8000000000e+00,6.2357200134e-03,9.8983138384e-03,1.5541375175e-02,2.4942803371e-02,3.9229847707e-02,6.2237657188e-02,9.8482164231e-02,1.5615414803e-01,2.4714446127e-01,3.9114503956e-01,6.1996320235e-01,9.8346838771e-01,1.5409925260e+00,2.4632532220e+00,3.8702091388e+00,6.1045776937e+00,9.6541025393e+00,1.5195412657e+01,2.3894505909e+01,3.7418091650e+01,5.8810123707e+01,9.1844876353e+01,1.4145676820e+02,2.2155545116e+02,3.3838881185e+02,5.1722539465e+02,7.8129738046e+02,1.1683727329e+03,1.7234706196e+03,2.4868976565e+03,3.5360876022e+03,4.9052390118e+03,6.5540465240e+03,8.5438434768e+03,1.0549516952e+04,1.2455055280e+04,1.3846629374e+04,1.4324318231e+04,1.3611231801e+04,1.1669553006e+04,8.8769317585e+03,5.7886336661e+03,3.2196775937e+03,1.4011563070e+03,4.8652282478e+02,1.2159466436e+02,2.0722210603e+01,2.2339172848e+00,1.3575530299e-01,4.2364889283e-03,5.6832108225e-05,2.7414811116e-07,4.4251393828e-10,1.1258388405e-13,5.6526362943e-18,2.1403665202e-23,3.4207216436e-30,1.0607478717e-38,1.9889674356e-49,6.9964717633e-63,6.7184557407e-80
1.0000000000e+01,6.1673080009e-03,9.8028549219e-03,1.5385618235e-02,2.4642437085e-02,3.8854572202e-02,6.1466460329e-02,9.7493247597e-02,1.5452681170e-01,2.4461449478e-01,3.8729808031e-01,6.1296616648e-01,9.7268832325e-01,1.5231157599e+00,2.4405074251e+00,3.8233629096e+00,6.0389790474e+00,9.5214253559e+00,1.4994635728e+01,2.3537867269e+01,3.6886716392e+01,5.7685207545e+01,9.0062189675e+01,1.3847883498e+02,2.1566506862e+02,3.2854799118e+02,4.9917812925e+02,7.5082074456e+02,1.1131279368e+03,1.6274544618e+03,2.3280217122e+03,3.2635401645e+03,4.4350676879e+03,5.8072516018e+03,7.3790209887e+03,8.8778069100e+03,1.0128547950e+04,1.0806002381e+04,1.0649629855e+04,9.5404798598e+03,7.6380580151e+03,5.3356347832e+03,3.1573041883e+03,1.5545934852e+03,5.8254846579e+02,1.6952865418e+02,3.4285690616e+01,4.4880932297e+00,3.5357121725e-01,1.4676107504e-02,2.9022225563e-04,2.2371257584e-06,5.4572248001e-09,3.8601489014e-12,3.3041331691e-16,4.3602830309e-21,2.9351897955e-27,5.1615953908e-35,9.7535454151e-45,5.1990192049e-57,2.0733224386e-72,6.7601692984e-92
1.0200000000e+01,6.0557126057e-03,9.6058207814e-03,1.5109158670e-02,2.4161902146e-02,3.8135686173e-02,6.0355821418e-02,9.5724032138e-02,1.5146301766e-01,2.4018187493e-01,3.7980786672e-01,6.0096164809e-01,9.5228545217e-01,1.4941621557e+00,2.3868928949e+00,3.7446823753e+00,5.9058139099e+00,9.3015662392e+00,1.4633348212e+01,2.2999122512e+01,3.5915784411e+01,5.6119820105e+01,8.7412236233e+01,1.3420067556e+02,2.0810673503e+02,3.1537176118e+02,4.7600564902e+02,7.1256836348e+02,1.0460360306e+03,1.5097559396e+03,2.1402771590e+03,2.9456625676e+03,3.9378064618e+03,5.0492477175e+03,6.2408959040e+03,7.2626890139e+03,7.9941960383e+03,8.1480342718e+03,7.6051807231e+03,6.4115685513e+03,4.7483761348e+03,3.0246896290e+03,1.6010072576e+03,6.9275756173e+02,2.1969441521e+02,5.2658691690e+01,8.4037943485e+00,8.2834116821e-01,4.6082319781e-02,1.2663565624e-03,1.5150388049e-05,6.3378938713e-08,7.2754788296e-11,2.0280900561e-14,5.0514439810e-19,1.4586978441e-24,1.3717515031e-31,1.9738471200e-40,1.5629848245e-51,1.4927964428e-65,3.7376693572e-83,1.9755131888e-105
1.0400000000e+01,5.8808650492e-03,9.3401602090e-03,1.4680953787e-02,2.3523707732e-02,3.7019820024e-02,5.8705484765e-02,9.3037436100e-02,1.4731338473e-01,2.3310903449e-01,3.6856787934e-01,5.8461592966e-01,9.2377000953e-01,1.4504627783e+00,2.3134320719e+00,3.6331726574e+00,5.7204890577e+00,9.0145687401e+00,1.4146750534e+01,2.2207503426e+01,3.4660789953e+01,5.3996731596e+01,8.3703748247e+01,1.2815753504e+02,1.9816173961e+02,2.9868282864e+02,4.4859982572e+02,6.6467056085e+02,9.6890555572e+02,1.3830533712e+03,1.9287592948e+03,2.6108225508e+03,3.4181115001e+03,4.2789027422e+03,5.1405152120e+03,5.7906879818e+03,6.1048986449e+03,5.9333497705e+03,5.2396946368e+03,4.0946697560e+03,2.7983162015e+03,1.6107640892e+03,7.5153958763e+02,2.8247977487e+02,7.4439084511e+01,1.4463164350e+01,1.7780464562e+00,1.2830692053e-01,4.9178294558e-03,8.5637114424e-05,5.9248034765e-07,1.2593227777e-09,6.1990367461e-13,6.0011264017e-17,3.6848757700e-22,1.8812774616e-28,1.9121245506e-36,1.6078149318e-46,3.5228380491e-59,3.5610709077e-75,2.9169174767e-95,1.0942262148e-120
1.0600000000e+01,5.6667616186e-03,8.9887983333e-03,1.4128138614e-02,2.2637070367e-02,3.5559682448e-02,5.6435904393e-02,8.9339536569e-02,1.4156614864e-01,2.2441607605e-01,3.5444756886e-01,5.6151958492e-01,8.8797894503e-01,1.3928910825e+00,2.2204935556e+00,3.4854432256e+00,5.4871409269e+00,8.6244963316e+00,1.3533354047e+01,2.1226783881e+01,3.3060921586e+01,5.1298991258e+01,7.9376458999e+01,1.2109780672e+02,1.8617816973e+02,2.7943380663e+02,4.1722380303e+02,6.1163358164e+02,8.8338814533e+02,1.2455494739e+03,1.7099244770e+03,2.2752766073e+03,2.9118071257e+03,3.5415621171e+03,4.1164832112e+03,4.4788811627e+03,4.5116610420e+03,4.1589485413e+03,3.4413300968e+03,2.4986723769e+03,1.5527766438e+03,7.9904749141e+02,3.2726162435e+02,1.0409014298e+02,2.2604957773e+01,3.4729336800e+00,3.2180949154e-01,1.6478374507e-02,4.1823027961e-04,4.4498143265e-06,1.6846343150e-08,1.6813604885e-11,3.1613798453e-15,9.2895301077e-20,1.1523839189e-25,8.3171366853e-33,6.7359800997e-42,2.2980732649e-53,8.7598847126e-68,5.2056711644e-86,6.7008732222e-109,7.1194695473e-138
1.0800000000e+01,5.3908014281e-03,8.5618982758e-03,1.3442231907e-02,2.1526990246e-02,3.3879884724e-02,5.3688657946e-02,8.5040181678e-02,1.3442963330e-01,2.1315230568e-01,3.3715945201e-01,5.3302692429e-01,8.4475861633e-01,1.3222186341e+00,2.1097599604e+00,3.3034344763e+00,5.2029815369e+00,8.1665011533e+00,1.2802558009e+01,2.0004065564e+01,3.1120386221e+01,4.8229232862e+01,7.4349108055e+01,1.1304724030e+02,1.7293452196e+02,2.5767848783e+02,3.8104184205e+02,5.5573939739e+02,7.9234345427e+02,1.1005098748e+03,1.4866619326e+03,1.9346951922e+03,2.4190308133e+03,2.8597983858e+03,3.2137930601e+03,3.3423939367e+03,3.2102343790e+03,2.7927639745e+03,2.1500947018e+03,1.4340909801e+03,8.0513849914e+02,3.6696017718e+02,1.2959911365e+02,3.4716826407e+01,6.0423439140e+00,7.2138412182e-01,4.9046484820e-02,1.7371818958e-03,2.8191790339e-05,1.7448575790e-07,3.3673896987e-10,1.4374633179e-13,9.1124880240e-18,6.8550566270e-23,1.3968530669e-29,1.0898273181e-37,5.0979869998e-48,4.6230500010e-61,1.8142402015e-77,3.2949575503e-98,2.9491068234e-124,3.1639390417e-157
1.1000000000e+01,5.0701517987e-03,8.0509755922e-03,1.2644914172e-02,2.0261976960e-02,3.1896627162e-02,5.0474722071e-02,7.9963838171e-02,1.2656267583e-01,2.0058773962e-01,3.1710208531e-01,5.0102755181e-01,7.9333585572e-01,1.2428777373e+00,1.9807334878e+00,3.0941908735e+00,4.8700968982e+00,7.6483899344e+00,1.1946120893e+01,1.8688915292e+01,2.8981483608e+01,4.4773964896e+01,6.8812503971e+01,1.0389062654e+02,1.5827655658e+02,2.3439514425e+02,3.4382568088e+02,4.9526756167e+02,6.9631440168e+02,9.5381921672e+02,1.2609234669e+03,1.6059798437e+03,1.9563060949e+03,2.2429124022e+03,2.4177073417e+03,2.4142839363e+03,2.1956604953e+03,1.7888581649e+03,1.2768197710e+03,7.7598166910e+02,3.8993707656e+02,1.5518670426e+02,4.6522613850e+01,1.0308959759e+01,1.4136012475e+00,1.2796616143e-01,6.2418122593e-03,1.4774286287e-04,1.4755650863e-06,4.9894421053e-09,4.5365882193e-12,7.3826655507e-16,1.3595646666e-20,2.1914313335e-26,5.7326888167e-34,3.6223662851e-43,6.7317043905e-55,1.0216597734e-69,2.3061468364e-88,6.1669555582e-112,1.5292004854e-141,5.2238931166e-179
1.1200000000e+01,4.7101953598e-03,7.4662412872e-03,1.1762238117e-02,1.8802522333e-02,2.9624624954e-02,4.6886834757e-02,7.4369524728e-02,1.1752951589e-01,1.8599420483e-01,2.9383818116e-01,4.6520231986e-01,7.3550613396e-01,1.1512338680e+00,1.8314453647e+00,2.8670878676e+00,4.5028065678e+00,7.0550608071e+00,1.1022921859e+01,1.7170451507e+01,2.6587710323e+01,4.0982309277e+01,6.2696019172e+01,9.4290738820e+01,1.4251173478e+02,2.0944992685e+02,3.0458856516e+02,4.3345337396e+02,6.0123155435e+02,8.0797011997e+02,1.0482004348e+03,1.3018712343e+03,1.5391217966e+03,1.7040277162e+03,1.7646087268e+03,1.6754724282e+03,1.4382904389e+03,1.0884860001e+03,7.1521661615e+02,3.9165168894e+02,1.7434497834e+02,5.9946395375e+01,1.5060241209e+01,2.7147334660e+00,2.8700731926e-01,1.9246085368e-02,6.5457187224e-04,1.0001256604e-05,5.8342014546e-08,1.0054726057e-10,3.8964914557e-14,2.1245477096e-18,9.6400401743e-24,2.6973249667e-30,6.9374066495e-39,2.5603477416e-49,1.2473346064e-62,1.8746500431e-79,1.2695314849e-100,2.1805262457e-127,5.3612606878e-161,1.5990511477e-203
1.1400000000e+01,4.3163371633e-03,6.8484073651e-03,1.0773152259e-02,1.7247608604e-02,2.7160619781e-02,4.2975707717e-02,6.8129465704e-02,1.0775677361e-01,1.7060671998e-01,2.6928178151e-01,4.2548522610e-01,6.7251854125e-01,1.0528712133e+00,1.6741897933e+00,2.6173688500e+00,4.1006836713e+00,6.4262021555e+00,1.0021449454e+01,1.5563458613e+01,2.4002866197e+01,3.6822708896e+01,5.6188658993e+01,8.4035501533e+01,1.2629078602e+02,1.8385586817e+02,2.6427136852e+02,3.7169158436e+02,5.0679501840e+02,6.6965786092e+02,8.4906268465e+02,1.0270297043e+03,1.1730374337e+03,1.2530770437e+03,1.2385020106e+03,1.1134294109e+03,8.9413181525e+02,6.2865143324e+02,3.7541006711e+02,1.8413847477e+02,7.1633741150e+01,2.0967977074e+01,4.3478381896e+00,6.2669855934e-01,5.0038342074e-02,2.4378440717e-03,5.5773462728e-05,5.2507156585e-07,1.6879918191e-09,1.3587902169e-12,2.0010305248e-16,3.1553370474e-21,2.9151395747e-27,1.1220565268e-34,2.0940972351e-44,3.1287167835e-56,2.4982205496e-71,2.0724257888e-90,2.0106333550e-114,8.8593606325e-145,6.8080983619e-183,4.1182073104e-231
1.1600000000e+01,3.8932290729e-03,6.1900771765e-03,9.7202621508e-03,1.5569108640e-02,2.4508164272e-02,3.8787825903e-02,6.1535534918e-02,9.7116397469e-02,1.5378203912e-01,2.4280492866e-01,3.8342432968e-01,6.0580309199e-01,9.4764317915e-01,1.5066744380e+00,2.3526767137e+00,3.6807802920e+00,5.7553986654e+00,8.9556983070e+00,1.3883702988e+01,2.1362450679e+01,3.2648344488e+01,4.9467849832e+01,7.3630903605e+01,1.0968574433e+02,1.5841634990e+02,2.2477625926e+02,3.1179117116e+02,4.1788376707e+02,5.4086335149e+02,6.6872730779e+02,7.8430939284e+02,8.6547148630e+02,8.8791883233e+02,8.3244002750e+02,7.0656132958e+02,5.2926824288e+02,3.4067920066e+02,1.8413163200e+02,7.9848814402e+01,2.6908736623e+01,6.6238902005e+00,1.1141028232e+00,1.2542174834e-01,7.4277749253e-03,2.5505207987e-04,3.7982432624e-06,2.0949200812e-08,3.4273221099e-11,1.1643477657e-14,5.7291225451e-19,2.1986536167e-24,3.3429072817e-31,1.3667762862e-39,1.3155996515e-50,5.2458890322e-64,4.0621003257e-81,9.5580988625e-103,5.8412014909e-130,2.3252343881e-164,1.5247461749e-207,3.5928087319e-262
1.1800000000e+01,3.4668770085e-03,5.4971102453e-03,8.6390435731e-03,1.3832052053e-02,2.1755716366e-02,3.4424234019e-02,5.4559796444e-02,8.6294592619e-02,1.3632163779e-01,2.1526049632e-01,3.3996428041e-01,5.3703198713e-01,8.3845586148e-01,1.3332305124e+00,2.0768173642e+00,3.2482703360e+00,5.0713081382e+00,7.8706312055e+00,1.2149870102e+01,1.8652769778e+01,2.8418158960e+01,4.2748979692e+01,6.3215316420e+01,9.3300616287e+01,1.3326230018e+02,1.8693874610e+02,2.5538083522e+02,3.3593736709e+02,4.2482538694e+02,5.1073732980e+02,5.8066366802e+02,6.1550642300e+02,6.0299536516e+02,5.3536076189e+02,4.2623882947e+02,2.9501331894e+02,1.7317935839e+02,8.3584985761e+01,3.1798206131e+01,9.1384737449e+00,1.8616255784e+00,2.4999105944e-01,2.1732964227e-02,9.2921554233e-04,2.1792117682e-05,2.0139286581e-07,6.1062865372e-10,4.6508064061e-13,5.9231756838e-17,8.3475909776e-22,6.4710841376e-28,1.2703169917e-35,4.1235585740e-45,1.3848120451e-57,9.2273901148e-73,3.8295008176e-92,1.2128694811e-116,1.8295569881e-147,2.0368944867e-186,2.6008202656e-235,3.7362508548e-297
1.2000000000e+01,3.0225167141e-03,4.8002057866e-03,7.5460279773e-03,1.2074505934e-02,1.8974088132e-02,3.0046051725e-02,4.7513665403e-02,7.5141784470e-02,1.1888384187e-01,1.8763380189e-01,2.9613644497e-01,4.6732590732e-01,7.2881594421e-01,1.1580324652e+00,1.8008230116e+00,2.8134368388e+00,4.3889013653e+00,6.7857577268e+00,1.0458066663e+01,1.5977396015e+01,2.4176580292e+01,3.6259108817e+01,5.3077649299e+01,7.7675116534e+01,1.0964439806e+02,1.5181315107e+02,2.0325768539e+02,2.6197119475e+02,3.2280117888e+02,3.7722874683e+02,4.1352769128e+02,4.1995238080e+02,3.9177384547e+02,3.2710114826e+02,2.4256109553e+02,1.5423546365e+02,8.1778100644e+01,3.5019997393e+01,1.1545559471e+01,2.7996985412e+00,4.6533453912e-01,4.9240082647e-02,3.2249561986e-03,9.6549208523e-05,1.4894994609e-06,8.0529463713e-09,1.2361016064e-11,3.9549025937e-15,1.6515751550e-19,5.6145020028e-25,7.0634901064e-32,1.3706569323e-40,2.5129191524e-51,1.9056497632e-65,1.2498995453e-82,1.4132653934e-104,2.6056350471e-132,3.3694672487e-167,2.7595126672e-211,1.2944473308e-266,
1.2200000000e+01,2.5868770009e-03,4.0953304472e-03,6.4588133004e-03,1.0316125271e-02,1.6231121407e-02,2.5698734763e-02,4.0628512520e-02,6.4200366564e-02,1.0152032261e-01,1.6016761579e-01,2.5272244976e-01,3.9794313641e-01,6.2127680208e-01,9.8511757137e-01,1.5311675306e+00,2.3845849057e+00,3.7071702983e+00,5.7275603252e+00,8.7807845581e+00,1.3359186817e+01,2.0111189570e+01,2.9948885150e+01,4.3533185956e+01,6.2998985488e+01,8.7817108136e+01,1.1948195736e+02,1.5720240803e+02,1.9785226156e+02,2.3719680398e+02,2.6801487731e+02,2.8200157920e+02,2.7439785146e+02,2.4201644250e+02,1.8896713732e+02,1.2985304042e+02,7.5356831523e+01,3.5732501972e+01,1.3436402776e+01,3.7937219168e+00,7.6683159684e-01,1.0263493414e-01,8.3875625199e-03,4.0354942176e-04,8.1776009475e-06,7.8668080007e-08,2.3278118762e-10,1.6457294687e-13,1.9571279889e-17,2.2966793400e-22,1.5537106620e-28,2.4833496108e-36,3.4776863756e-46,2.4608299982e-58,2.5551173170e-74,9.0253449172e-94,1.3032764330e-118,5.3369997991e-150,1.7735358419e-189,2.3486552694e-239,6.0202003321e-302,
1.2400000000e+01,2.1631003779e-03,3.4303779776e-03,5.3909829068e-03,8.6218968576e-03,1.3553795326e-02,2.1461138853e-02,3.3956121393e-02,5.3603790396e-02,8.4757689856e-02,1.3353642895e-01,2.1088929386e-01,3.3208163359e-01,5.1769176550e-01,8.1900353410e-01,1.2699512644e+00,1.9791828806e+00,3.0612086878e+00,4.7179442630e+00,7.2069993476e+00,1.0907286452e+01,1.6313768371e+01,2.4122403276e+01,3.4726496529e+01,4.9674331543e+01,6.8376139730e+01,9.1415866202e+01,1.1761999484e+02,1.4444011178e+02,1.6794456244e+02,1.8248517047e+02,1.8435628420e+02,1.7018068775e+02,1.4171251539e+02,1.0293149715e+02,6.4905417394e+01,3.4056348816e+01,1.4378986116e+01,4.6983997904e+00,1.1242178493e+00,1.8740513034e-01,1.9848746202e-02,1.2189160910e-03,4.2113150358e-05,5.5066958608e-07,3.1151901788e-09,4.6299777028e-12,1.3515429320e-15,5.1848921969e-20,1.4312039389e-25,1.5393901721e-32,2.3567691244e-41,1.6740050235e-52,2.9579423593e-66,2.3845874615e-84,2.2831685153e-106,1.7612159912e-134,5.3580366192e-170,1.1588756970e-214,4.3474779605e-271,,
1.2600000000e+01,1.7607786717e-03,2.7994737053e-03,4.3921079705e-03,7.0274382037e-03,1.1042208998e-02,1.7458718563e-02,2.7627902386e-02,4.3673397540e-02,6.8992187431e-02,1.0849141022e-01,1.7113406142e-01,2.6951256210e-01,4.1938730461e-01,6.6369369158e-01,1.0272595099e+00,1.5954328244e+00,2.4658706527e+00,3.7768607107e+00,5.7522827945e+00,8.6615302429e+00,1.2865333553e+01,1.8842129282e+01,2.6900926448e+01,3.7898267043e+01,5.1311374489e+01,6.7321955840e+01,8.4669092906e+01,1.0093454286e+02,1.1351469911e+02,1.1902729128e+02,1.1454002261e+02,9.9999728431e+01,7.8198544507e+01,5.2324427454e+01,3.0282842368e+01,1.4277531175e+01,5.3051622851e+00,1.4911637617e+00,2.9836288051e-01,4.0263963253e-02,3.3214653083e-03,1.4997534153e-04,3.5554906955e-06,2.8488995115e-08,8.7719254938e-11,5.9241998881e-14,6.2847498971e-18,6.6345106291e-23,3.5023073377e-29,4.6435327045e-37,4.9127775377e-47,1.1780486849e-59,3.1581427545e-75,1.0302624587e-95,1.2194175448e-120,1.8496145167e-152,1.1831587771e-192,3.4167199567e-243,4.9542123575e-307,,
1.2800000000e+01,1.3969610414e-03,2.2136528279e-03,3.4796617947e-03,5.5599262355e-03,8.7496355067e-03,1.3820212733e-02,2.1836238909e-02,3.4550633439e-02,5.4469314759e-02,8.5770401957e-02,1.3501355862e-01,2.1247443907e-01,3.3052041632e-01,5.2201842060e-01,8.0580775087e-01,1.2475557160e+00,1.9238324432e+00,2.9365650017e+00,4.4472480306e+00,6.6517378110e+00,9.8183555211e+00,1.4256392632e+01,2.0076544192e+01,2.7948671293e+01,3.7157305714e+01,4.7664902131e+01,5.8475648372e+01,6.7674512597e+01,7.3367178934e+01,7.3599810071e+01,6.7308314743e+01,5.5341398756e+01,4.0349545156e+01,2.4854137237e+01,1.3046055034e+01,5.4821828381e+00,1.7785813787e+00,4.2720919496e-01,7.0740024226e-02,7.6066777616e-03,4.7385390638e-04,1.5234469646e-05,2.3651357088e-07,1.0784986174e-09,1.6549800342e-12,4.5374733355e-16,1.5060890497e-20,3.6222587573e-26,2.8917922425e-33,3.5050685762e-42,1.7685311280e-53,8.9258599149e-68,2.0362727826e-85,1.2700430797e-108,7.5132736620e-137,7.0244900975e-173,2.2057941425e-218,1.3618809186e-275,,,
1.3000000000e+01,1.0683530600e-03,1.6943159410e-03,2.6627262457e-03,4.2587748852e-03,6.6883140760e-03,1.0591694077e-02,1.6710808037e-02,2.6376108641e-02,4.1682376779e-02,6.5567672576e-02,1.0312366672e-01,1.6189641523e-01,2.5140651131e-01,3.9610676927e-01,6.1120189543e-01,9.4426939444e-01,1.4486105672e+00,2.2046825429e+00,3.3240865600e+00,4.9362701771e+00,7.2204718920e+00,1.0352772795e+01,1.4422757908e+01,1.9773130901e+01,2.5791131267e+01,3.2323877758e+01,3.8590027133e+01,4.3115733952e+01,4.4951875180e+01,4.3057750408e+01,3.7308826780e+01,2.8729446939e+01,1.9466232598e+01,1.0950990204e+01,5.1827942405e+00,1.9318307865e+00,5.4199988688e-01,1.0968906645e-01,1.4813815707e-02,1.2435506837e-03,5.7036369400e-05,1.2382117746e-06,1.1853945061e-08,2.8289532557e-11,1.9479810735e-14,1.8842754666e-18,1.6475766736e-23,7.2492612205e-30,6.6596592534e-38,5.2052035129e-48,8.1079847395e-61,4.9826397861e-77,4.9753765167e-97,2.4812529114e-123,2.5391375902e-155,3.8163621781e-196,1.0724843668e-247,0.0000000000e+00,,,
1.3200000000e+01,7.8782904426e-04,1.2503819696e-03,1.9616577148e-03,3.1392670074e-03,4.9314341578e-03,7.8002705466e-03,1.2311049228e-02,1.9422109160e-02,3.0668995846e-02,4.8157255763e-02,7.5754926981e-02,1.1877732170e-01,1.8435587105e-01,2.8962689467e-01,4.4571696999e-01,6.8749028927e-01,1.0492927252e+00,1.5877521152e+00,2.3799775251e+00,3.5117042427e+00,5.0906070305e+00,7.2342305601e+00,9.9304239454e+00,1.3340306139e+01,1.7064945376e+01,2.0886917919e+01,2.4116634606e+01,2.6083516672e+01,2.6015569841e+01,2.3703082202e+01,1.9359848813e+01,1.3937752742e+01,8.7386306073e+00,4.4688744608e+00,1.8980920794e+00,6.2038604418e-01,1.4940350578e-01,2.5110934535e-02,2.7118397334e-03,1.7209429461e-04,5.5647007418e-06,7.7429323267e-08,4.2354756714e-10,4.7724843834e-13,1.3015344911e-16,3.7865926092e-21,7.1117186363e-27,4.4287980637e-34,3.3525444966e-43,1.1327210048e-54,3.2638721297e-69,1.2917427916e-87,2.5856309803e-110,3.6967433477e-140,1.8909334325e-176,9.3715200418e-223,3.1928341611e-281,,,,
1.3400000000e+01,5.5748084269e-04,8.8443846123e-04,1.3893000829e-03,2.2226830657e-03,3.4836058302e-03,5.5068898606e-03,8.7126377340e-03,1.3725527828e-02,2.1637258006e-02,3.3981843612e-02,5.3301090301e-02,8.3638124877e-02,1.2932391528e-01,2.0301199321e-01,3.1172692465e-01,4.7848719674e-01,7.2802661922e-01,1.0981370754e+00,1.6321236038e+00,2.3898026897e+00,3.4370744168e+00,4.8207638004e+00,6.5190252055e+00,8.5932547807e+00,1.0749151416e+01,1.2802660091e+01,1.4305413230e+01,1.4875429881e+01,1.4167982414e+01,1.2251833834e+01,9.4176314492e+00,6.3007712064e+00,3.6338344558e+00,1.6790367451e+00,6.3638212619e-01,1.8098556847e-01,3.6944392959e-02,5.0619747317e-03,4.2426559616e-04,1.9649174137e-05,4.2451373098e-07,3.5109980079e-09,1.0036500524e-11,4.7355687292e-15,4.4066589739e-19,3.1749736092e-24,1.0038836102e-30,6.5002975473e-39,2.7738154732e-49,2.4934602833e-62,7.2801188841e-79,8.7371011357e-100,1.3842080457e-125,1.6837301702e-159,9.8354811518e-201,2.4465979933e-253,0.0000000000e+00,,,,
1.3600000000e+01,3.7762907793e-04,5.9882642355e-04,9.3805607793e-04,1.5012884517e-03,2.3570764345e-03,3.7286616016e-03,5.8816162927e-03,9.2676195686e-03,1.4582164170e-02,2.2913321679e-02,3.5908302486e-02,5.6157548949e-02,8.6886400628e-02,1.3587954370e-01,2.0784019616e-01,3.1836852941e-01,4.8298449369e-01,7.2322560635e-01,1.0693211510e+00,1.5500967403e+00,2.2041929919e+00,3.0532597326e+00,4.0612170858e+00,5.2621567580e+00,6.4260984843e+00,7.4198388946e+00,8.0191898532e+00,7.9948569959e+00,7.2788069596e+00,5.9394756844e+00,4.2852363144e+00,2.6613658664e+00,1.4053154600e+00,5.8384245745e-01,1.9519354986e-01,4.7678695955e-02,8.0645478568e-03,8.7892236328e-04,5.5103562001e-05,1.7718283631e-06,2.3925315975e-08,1.0802346459e-10,1.4434289037e-13,2.4629540045e-17,6.4997860360e-22,9.1999791507e-28,3.6558685443e-35,1.6995019688e-44,2.5707748887e-56,3.4753506188e-71,4.9878925767e-90,7.3218470292e-114,3.0234621530e-143,7.2338149722e-182,8.1537661075e-229,1.0609044943e-288,,,,,
1.3800000000e+01,2.4385207344e-04,3.8577581568e-04,6.0588547280e-04,9.6766045733e-04,1.5201447087e-03,2.3984084100e-03,3.7880190891e-03,5.9663885741e-03,9.3961010913e-03,1.4725010081e-02,2.3046766766e-02,3.6005044399e-02,5.5548915272e-02,8.6738722668e-02,1.3238559075e-01,2.0180664196e-01,3.0498529511e-01,4.5393416800e-01,6.6662831670e-01,9.5819042054e-01,1.3456173422e+00,1.8384766410e+00,2.4065636555e+00,3.0492269875e+00,3.6238542335e+00,4.0694194255e+00,4.2374083122e+00,4.0492625411e+00,3.5024668302e+00,2.7001697692e+00,1.8172254770e+00,1.0426864897e+00,5.0139643933e-01,1.8523228490e-01,5.4001957063e-02,1.1125270088e-02,1.5252246314e-03,1.2770453944e-04,5.7065621726e-06,1.1962999129e-07,9.2646897425e-10,2.0526065772e-12,1.1164441188e-15,5.7377287570e-20,3.4379022296e-25,7.1962844547e-32,2.4920898267e-40,5.3440083740e-51,1.6339532503e-64,1.6513666311e-81,4.8652248996e-103,2.8807187351e-130,7.9131942509e-164,6.2751609053e-208,1.5674252166e-261,0.0000000000e+00,,,,,
1.4000000000e+01,1.5015905564e-04,2.3806230803e-04,3.7363529190e-04,5.9676204163e-04,9.3633967831e-04,1.4785639019e-03,2.3315580884e-03,3.6713115832e-03,5.7688545809e-03,9.0383244206e-03,1.4129616085e-02,2.2063732136e-02,3.3936229911e-02,5.2860350007e-02,8.0532505853e-02,1.2206882640e-01,1.8377702877e-01,2.7179193030e-01,3.9579835089e-01,5.6348078787e-01,7.8231112951e-01,1.0537285117e+00,1.3533638640e+00,1.6772003426e+00,1.9439444805e+00,2.1099790977e+00,2.1155454934e+00,1.9332616310e+00,1.5870971982e+00,1.1502586479e+00,7.2003273121e-01,3.7847301078e-01,1.6400905032e-01,5.3090418841e-02,1.3282198252e-02,2.2519892626e-03,2.4143876581e-04,1.4796235408e-05,4.4456138879e-07,5.5940818143e-09,2.2398703408e-11,2.1152691876e-14,3.9444322368e-18,4.8549235338e-23,5.0100318178e-29,1.0841860144e-36,2.1055713329e-46,1.1913787759e-58,3.6923621181e-74,1.1734978659e-93,2.3810516997e-118,1.4448233885e-149,4.8693679321e-188,1.3766465119e-238,5.1109193240e-300,,,,,,
1.4200000000e+01,8.8756822054e-05,1.4067245163e-04,2.2077552358e-04,3.5233991686e-04,5.5322309586e-04,8.7126535862e-04,1.3762288481e-03,2.1643184645e-03,3.3978074025e-03,5.3119711471e-03,8.3045059304e-03,1.2927962665e-02,1.9852080614e-02,3.0826684068e-02,4.6842526021e-02,7.0785635342e-02,1.0572968128e-01,1.5557049952e-01,2.2488094891e-01,3.1705439563e-01,4.3410908923e-01,5.7530151179e-01,7.2564507859e-01,8.7591821076e-01,9.8837633151e-01,1.0363587038e+00,9.9845989696e-01,8.6837045824e-01,6.7354293790e-01,4.5669669227e-01,2.6377463262e-01,1.2562734394e-01,4.8519408347e-02,1.3510425699e-02,2.8168709558e-03,3.8005671688e-04,3.0446265540e-05,1.2830114890e-06,2.3904813226e-08,1.6168835206e-10,2.9246971658e-13,9.8530768842e-17,5.0516351545e-21,1.1112831571e-26,1.3815356013e-33,1.9700548009e-42,1.2209518648e-53,9.0806875181e-68,1.1840718235e-85,3.9542597062e-108,1.3794611605e-136,1.4801194101e-172,7.0819060384e-217,4.2268702077e-275,0.0000000000e+00,,,,,,
1.4400000000e+01,5.0393510867e-05,7.9786859664e-05,1.2510735898e-04,1.9993809706e-04,3.1352682545e-04,4.9418482898e-04,7.7876712377e-04,1.2238181959e-03,1.9211303473e-03,3.0052766744e-03,4.6824927880e-03,7.2721208199e-03,1.1140609649e-02,1.7258826003e-02,2.6106174207e-02,3.9289565156e-02,5.8402035070e-02,8.5306763605e-02,1.2200898804e-01,1.6998821619e-01,2.3043895076e-01,2.9949648050e-01,3.7032418844e-01,4.3554031548e-01,4.7612372774e-01,4.8137706150e-01,4.4251503382e-01,3.6576380620e-01,2.6620749883e-01,1.6716135449e-01,8.7975388109e-02,3.7483577896e-02,1.2608081307e-02,2.9494126366e-03,4.9568994970e-04,5.0636761944e-05,2.8403906746e-06,7.5951462649e-08,7.8150112268e-10,2.4806358321e-12,1.6779315229e-15,1.5941092995e-19,1.6778082600e-24,4.4729776666e-31,4.2007004405e-39,2.1994494937e-49,2.1005681580e-62,8.2216795383e-79,1.4287260468e-99,1.1853453998e-125,1.1499667930e-158,2.1946852402e-200,8.7825766175e-252,0.0000000000e+00,,,,,,,
1.4600000000e+01,2.7388648232e-05,4.3447085913e-05,6.8130749094e-05,1.0869791953e-04,1.7034910502e-04,2.6868526054e-04,4.2263840071e-04,6.6416923969e-04,1.0414024582e-03,1.6259530127e-03,2.5272525471e-03,3.9288300773e-03,6.0012667060e-03,9.2729844210e-03,1.3950389879e-02,2.0900578298e-02,3.0877382778e-02,4.4664107771e-02,6.3374380453e-02,8.7178686097e-02,1.1618179417e-01,1.4835492016e-01,1.7898377385e-01,2.0460709616e-01,2.1609638568e-01,2.0934321083e-01,1.8272823650e-01,1.4198876935e-01,9.6112892029e-02,5.5257269940e-02,2.6191938382e-02,9.7249394199e-03,2.7806549214e-03,5.2250477711e-04,6.7419298801e-05,4.8809942368e-06,1.7554465709e-07,2.6454209198e-09,1.2893693426e-11,1.5718275962e-14,3.0775556241e-18,5.9597423036e-23,8.5512209163e-29,1.6393451676e-36,6.2244795137e-46,5.4452716021e-58,2.9680442901e-73,1.7725812427e-92,8.5547476332e-117,2.4720839483e-147,5.5533544012e-186,8.1984294740e-235,5.7993763117e-295,0.0000000000e+00,,,,,,,
1.4800000000e+01,1.4162696371e-05,2.2414249073e-05,3.5162758234e-05,5.6075687161e-05,8.7986824478e-05,1.3842497891e-04,2.1790414982e-04,3.4166046172e-04,5.3516477949e-04,8.3350914814e-04,1.2976456619e-03,2.0080118914e-03,3.0612883587e-03,4.7103461035e-03,7.0535833821e-03,1.0504547083e-02,1.5400140040e-02,2.2086442183e-02,3.1003116688e-02,4.2112462209e-02,5.5095407321e-02,6.8756907093e-02,8.0904753222e-02,8.9441417718e-02,9.0793570727e-02,8.3556677488e-02,6.8810918680e-02,4.9688755191e-02,3.0851772034e-02,1.5965334036e-02,6.6228042306e-03,2.0820373933e-03,4.8473260230e-04,6.9088803197e-05,6.3325991472e-06,2.9326590508e-07,5.8979896517e-09,4.2009607965e-11,7.7560988850e-14,2.7029147462e-17,1.0531872227e-21,2.5785815483e-27,2.8645985899e-34,1.8884293485e-43,1.1931259432e-54,5.6548184112e-69,4.2600007255e-87,6.4989204117e-110,9.1976088632e-139,5.4852928142e-175,8.0673463822e-221,1.0206602494e-278,0.0000000000e+00,,,,,,,,
1.5000000000e+01,6.8331593336e-06,1.0820437962e-05,1.6945880047e-05,2.7057772650e-05,4.2343101081e-05,6.6755505804e-05,1.0476093912e-04,1.6422113576e-04,2.5675935758e-04,4.0000752974e-04,6.2078225575e-04,9.5675473821e-04,1.4538204017e-03,2.2266090365e-03,3.3273860711e-03,4.9155359607e-03,7.1558578195e-03,1.0165298762e-02,1.4039778220e-02,1.8793774563e-02,2.4083400869e-02,2.9320669581e-02,3.3504117179e-02,3.5525862988e-02,3.4358981178e-02,2.9828267431e-02,2.2837661468e-02,1.5087277795e-02,8.3883873472e-03,3.7887836565e-03,1.3232884093e-03,3.3373930821e-04,5.9005640108e-05,5.8039843741e-06,3.3414136904e-07,8.3980940625e-09,7.6338759946e-11,1.9348733747e-13,9.3537186375e-17,5.8610808955e-21,2.5506892890e-26,3.8812795429e-33,1.4024183077e-41,1.0337071725e-52,2.7762018132e-66,1.2502501465e-83,1.4520978336e-105,3.6039652925e-133,4.6102274043e-168,7.2749242209e-212,2.8369190393e-267,0.0000000000e+00,,,,,,,,,
