mass_mev,U2=1.00e-07,U2=1.26e-07,U2=1.58e-07,U2=2.00e-07,U2=2.51e-07,U2=3.16e-07,U2=3.98e-07,U2=5.01e-07,U2=6.31e-07,U2=7.94e-07,U2=1.00e-06,U2=1.26e-06,U2=1.58e-06,U2=2.00e-06,U2=2.51e-06,U2=3.16e-06,U2=3.98e-06,U2=5.01e-06,U2=6.31e-06,U2=7.94e-06,U2=1.00e-05,U2=1.26e-05,U2=1.58e-05,U2=2.00e-05,U2=2.51e-05,U2=3.16e-05,U2=3.98e-05,U2=5.01e-05,U2=6.31e-05,U2=7.94e-05,U2=1.00e-04,U2=1.26e-04,U2=1.58e-04,U2=2.00e-04,U2=2.51e-04,U2=3.16e-04,U2=3.98e-04,U2=5.01e-04,U2=6.31e-04,U2=7.94e-04,U2=1.00e-03,U2=1.26e-03,U2=1.58e-03,U2=2.00e-03,U2=2.51e-03,U2=3.16e-03,U2=3.98e-03,U2=5.01e-03,U2=6.31e-03,U2=7.94e-03,U2=1.00e-02,U2=1.26e-02,U2=1.58e-02,U2=2.00e-02,U2=2.51e-02,U2=3.16e-02,U2=3.98e-02,U2=5.01e-02,U2=6.31e-02,U2=7.94e-02,U2=1.00e-01
2.000000,nan,nan,nan,nan,nan,97.952000,97.843000,97.868000,97.794000,97.628000,97.537000,97.281000,96.791000,96.091000,95.335000,93.742000,91.313000,88.129000,83.616000,78.186000,73.461000,73.093000,75.026000,76.254000,76.329000,75.528000,75.846000,75.743000,75.627000,75.579000,75.687000,75.338000,75.631000,75.529000,75.681000,75.647000,75.666000,75.609000,75.562000,75.491000,75.722000,76.014000,75.739000,75.839000,75.692000,75.210000,75.797000,75.599000,75.822000,75.593000,75.560000,75.713000,75.655000,75.777000,75.439000,75.572000,75.585000,75.494000,75.497000,75.356000,75.378000
2.200000,nan,nan,97.976000,97.961000,97.937000,97.866000,97.678000,97.680000,97.347000,97.132000,96.751000,95.980000,94.858000,93.362000,91.040000,87.438000,83.011000,78.352000,75.866000,77.723000,78.831000,79.301000,78.620000,78.755000,78.648000,78.644000,78.914000,78.813000,78.964000,78.840000,78.540000,78.805000,78.932000,78.926000,78.704000,78.783000,78.692000,79.028000,78.840000,78.880000,78.860000,78.844000,78.915000,78.919000,78.832000,78.586000,78.801000,78.878000,78.998000,78.984000,78.691000,78.749000,78.481000,78.759000,78.616000,78.628000,78.675000,78.275000,78.380000,78.265000,78.045000
2.400000,97.800000,97.932000,97.780000,97.900000,97.739000,97.625000,97.453000,97.170000,96.740000,96.047000,95.023000,93.367000,91.103000,87.436000,83.663000,79.805000,79.596000,81.256000,81.964000,81.743000,81.308000,81.459000,81.673000,81.612000,81.431000,81.376000,81.624000,81.640000,81.889000,81.524000,81.521000,81.414000,81.441000,81.329000,81.501000,81.756000,81.646000,81.645000,81.370000,81.481000,81.636000,81.642000,81.512000,81.602000,81.731000,81.514000,81.607000,81.453000,81.542000,81.766000,81.470000,81.269000,81.322000,81.381000,81.287000,81.240000,81.388000,81.270000,81.200000,80.866000,80.776000
2.600000,97.788000,97.821000,97.776000,97.565000,97.347000,97.003000,96.812000,96.065000,95.118000,93.619000,91.499000,88.387000,84.923000,81.924000,82.217000,83.476000,84.065000,84.101000,83.551000,83.655000,83.977000,83.830000,83.885000,83.843000,83.878000,83.800000,83.757000,83.605000,83.878000,83.825000,83.785000,83.659000,83.874000,83.575000,83.755000,83.711000,83.850000,83.894000,83.739000,83.606000,83.674000,83.625000,83.593000,83.588000,83.901000,83.622000,83.860000,83.809000,83.504000,83.744000,83.491000,83.537000,83.516000,83.516000,83.686000,83.313000,83.285000,83.100000,82.998000,82.817000,82.509000
2.800000,97.771000,97.608000,97.605000,97.307000,96.939000,96.394000,95.396000,94.163000,92.213000,89.627000,86.604000,84.138000,84.296000,85.419000,85.888000,85.548000,85.435000,85.666000,85.659000,85.596000,85.668000,85.308000,85.634000,85.757000,85.785000,85.699000,85.612000,85.495000,85.614000,85.560000,85.388000,85.673000,85.705000,85.501000,85.641000,85.612000,85.727000,85.508000,85.650000,85.494000,85.684000,85.643000,85.778000,85.772000,85.576000,85.360000,85.517000,85.559000,85.584000,85.234000,85.251000,85.335000,85.259000,85.374000,85.114000,85.089000,84.976000,84.878000,84.521000,84.475000,83.978000
3.000000,97.610000,97.434000,97.191000,96.713000,95.946000,94.773000,93.389000,91.244000,88.346000,85.903000,85.873000,86.590000,87.462000,87.446000,87.143000,87.260000,87.117000,86.989000,87.217000,87.142000,86.976000,87.127000,87.449000,86.941000,87.006000,87.203000,87.178000,87.208000,87.117000,87.296000,87.100000,87.044000,87.009000,87.296000,87.141000,87.136000,87.060000,87.225000,87.101000,87.174000,87.062000,87.164000,87.148000,87.166000,87.033000,87.116000,86.876000,87.312000,87.037000,86.858000,86.935000,86.940000,86.777000,86.679000,86.821000,86.541000,86.307000,86.256000,85.979000,85.588000,85.476000
3.200000,97.249000,96.985000,96.357000,95.430000,94.161000,92.325000,90.007000,87.709000,87.002000,88.082000,88.472000,88.631000,88.197000,88.090000,88.540000,88.420000,88.264000,88.399000,88.263000,88.292000,88.530000,88.376000,88.355000,88.235000,88.487000,88.304000,88.484000,88.379000,88.584000,88.454000,88.214000,88.399000,88.217000,88.447000,88.217000,88.165000,88.201000,88.290000,88.367000,88.448000,88.523000,88.333000,88.478000,88.219000,88.381000,88.189000,88.119000,88.314000,88.094000,88.012000,88.123000,87.997000,87.880000,87.667000,87.631000,87.383000,87.331000,86.940000,86.743000,86.358000,86.005000
3.400000,96.739000,96.184000,95.181000,93.668000,91.690000,89.498000,88.298000,88.878000,89.384000,89.687000,89.438000,89.239000,89.481000,89.331000,89.571000,89.350000,89.529000,89.343000,89.430000,89.451000,89.560000,89.595000,89.396000,89.463000,89.482000,89.429000,89.469000,89.351000,89.398000,89.492000,89.417000,89.372000,89.443000,89.599000,89.410000,89.462000,89.558000,89.570000,89.522000,89.367000,89.465000,89.403000,89.372000,89.414000,89.233000,89.234000,89.316000,89.262000,89.201000,89.179000,89.188000,89.129000,88.677000,88.757000,88.679000,88.443000,88.152000,87.911000,87.492000,87.193000,86.866000
3.600000,95.822000,94.837000,93.239000,91.271000,89.448000,89.298000,90.110000,90.381000,90.453000,90.328000,90.327000,90.357000,90.375000,90.345000,90.399000,90.361000,90.367000,90.363000,90.155000,90.377000,90.404000,90.326000,90.234000,90.387000,90.395000,90.259000,90.281000,90.260000,90.451000,90.303000,90.247000,90.364000,90.346000,90.326000,90.293000,90.307000,90.294000,90.358000,90.165000,90.247000,90.172000,90.289000,90.348000,90.068000,90.288000,90.208000,90.025000,90.333000,90.025000,89.972000,89.849000,89.898000,89.642000,89.377000,89.168000,89.119000,88.812000,88.469000,87.985000,87.773000,87.174000
3.800000,94.539000,93.037000,91.051000,90.034000,90.687000,91.230000,91.297000,91.211000,91.040000,91.110000,91.180000,91.022000,90.992000,91.195000,91.127000,91.040000,90.998000,91.124000,91.286000,91.147000,90.937000,91.111000,90.972000,91.069000,91.065000,91.090000,91.331000,91.190000,91.103000,91.098000,90.895000,91.206000,91.165000,91.080000,91.274000,91.081000,91.042000,91.190000,91.200000,90.947000,90.989000,90.981000,91.074000,90.950000,90.939000,90.940000,90.756000,90.863000,90.703000,90.636000,90.609000,90.603000,90.213000,90.017000,89.722000,89.500000,89.247000,88.994000,88.424000,87.954000,87.512000
4.000000,92.807000,91.396000,90.767000,91.373000,91.833000,91.769000,91.739000,91.874000,91.680000,91.848000,91.666000,91.640000,91.734000,91.793000,91.947000,91.732000,91.758000,91.730000,91.774000,91.640000,91.716000,91.863000,91.813000,91.885000,91.753000,91.690000,91.785000,91.609000,91.664000,91.697000,91.697000,91.570000,91.700000,91.727000,91.820000,91.837000,91.690000,91.832000,91.713000,91.705000,91.685000,91.774000,91.751000,91.751000,91.603000,91.400000,91.481000,91.347000,91.324000,91.197000,91.169000,90.972000,90.838000,90.631000,90.343000,89.955000,89.789000,89.302000,88.832000,88.275000,87.681000
4.200000,91.667000,91.716000,92.193000,92.328000,92.473000,92.280000,92.367000,92.412000,92.351000,92.348000,92.319000,92.408000,92.470000,92.314000,92.297000,92.313000,92.340000,92.416000,92.228000,92.322000,92.203000,92.326000,92.351000,92.223000,92.558000,92.480000,92.503000,92.287000,92.345000,92.491000,92.319000,92.304000,92.340000,92.367000,92.277000,92.167000,92.337000,92.246000,92.260000,92.239000,92.234000,92.247000,92.146000,92.229000,92.201000,91.996000,91.997000,91.850000,91.806000,91.696000,91.646000,91.486000,91.145000,91.105000,90.803000,90.435000,90.131000,89.787000,88.901000,88.434000,87.893000
4.400000,92.429000,93.056000,92.920000,92.840000,92.682000,92.810000,92.828000,92.709000,93.042000,92.733000,92.790000,92.811000,92.792000,92.772000,92.783000,92.900000,92.833000,92.794000,92.686000,92.746000,92.795000,92.896000,92.990000,92.914000,92.739000,92.866000,92.931000,92.884000,92.727000,92.827000,93.038000,92.808000,92.871000,92.825000,92.821000,92.911000,92.823000,92.926000,92.805000,92.797000,92.852000,92.887000,92.638000,92.630000,92.609000,92.683000,92.470000,92.395000,92.294000,92.162000,92.022000,91.723000,91.713000,91.331000,91.019000,90.662000,90.433000,89.582000,89.242000,88.727000,87.945000
4.600000,93.430000,93.412000,93.473000,93.314000,93.223000,93.308000,93.341000,93.352000,93.278000,93.282000,93.263000,93.326000,93.225000,93.245000,93.264000,93.523000,93.376000,93.328000,93.290000,93.329000,93.332000,93.318000,93.367000,93.379000,93.226000,93.271000,93.193000,93.254000,93.365000,93.335000,93.251000,93.308000,93.235000,93.284000,93.294000,93.171000,93.354000,93.235000,93.326000,93.105000,93.135000,93.220000,93.108000,92.964000,92.875000,92.969000,92.933000,92.716000,92.673000,92.480000,92.285000,92.152000,91.956000,91.570000,91.250000,90.809000,90.475000,89.979000,89.595000,88.781000,88.013000
4.800000,93.926000,93.573000,93.694000,93.764000,93.742000,93.769000,93.786000,93.606000,93.722000,93.812000,93.639000,93.788000,93.718000,93.736000,93.616000,93.807000,93.683000,93.674000,93.558000,93.786000,93.767000,93.703000,93.725000,93.600000,93.829000,93.596000,93.810000,93.615000,93.611000,93.783000,93.726000,93.519000,93.758000,93.640000,93.667000,93.655000,93.650000,93.663000,93.593000,93.372000,93.537000,93.548000,93.536000,93.500000,93.517000,93.208000,93.139000,93.065000,92.781000,92.753000,92.499000,92.270000,92.035000,91.783000,91.248000,91.077000,90.678000,90.035000,89.392000,88.747000,88.294000
5.000000,93.902000,93.965000,94.194000,93.858000,94.178000,94.099000,94.005000,94.033000,93.849000,93.951000,93.987000,94.136000,93.898000,94.139000,94.141000,94.030000,94.036000,94.057000,94.018000,94.041000,94.050000,93.963000,93.980000,94.022000,93.986000,94.045000,93.971000,94.052000,93.883000,94.159000,94.080000,94.053000,94.089000,94.075000,94.174000,93.955000,94.019000,93.936000,93.868000,93.744000,93.823000,93.798000,93.667000,93.666000,93.652000,93.498000,93.347000,93.198000,92.973000,92.979000,92.745000,92.574000,92.202000,91.908000,91.657000,91.090000,90.685000,90.146000,89.596000,88.819000,88.151000
5.200000,94.330000,94.226000,94.447000,94.375000,94.340000,94.382000,94.367000,94.370000,94.312000,94.404000,94.289000,94.370000,94.418000,94.275000,94.284000,94.256000,94.307000,94.246000,94.347000,94.304000,94.288000,94.325000,94.264000,94.457000,94.428000,94.328000,94.434000,94.339000,94.389000,94.333000,94.268000,94.244000,94.350000,94.318000,94.319000,94.238000,94.182000,94.240000,94.196000,94.103000,94.043000,94.149000,93.927000,93.973000,93.967000,93.733000,93.640000,93.609000,93.451000,93.173000,92.961000,92.708000,92.262000,92.046000,91.554000,91.274000,90.672000,90.124000,89.420000,88.787000,88.212000
5.400000,94.660000,94.754000,94.541000,94.664000,94.609000,94.499000,94.566000,94.656000,94.551000,94.774000,94.480000,94.517000,94.614000,94.578000,94.638000,94.846000,94.570000,94.611000,94.681000,94.802000,94.557000,94.706000,94.649000,94.645000,94.633000,94.715000,94.680000,94.620000,94.562000,94.816000,94.643000,94.590000,94.605000,94.636000,94.466000,94.614000,94.511000,94.597000,94.413000,94.403000,94.392000,94.325000,94.443000,94.134000,94.180000,93.901000,93.993000,93.756000,93.491000,93.487000,93.093000,92.754000,92.552000,92.178000,91.835000,91.215000,90.724000,90.329000,89.719000,88.970000,88.322000
5.600000,94.838000,94.790000,94.875000,94.873000,94.885000,94.821000,94.971000,94.901000,94.900000,94.751000,94.760000,94.924000,94.712000,94.901000,94.836000,94.834000,94.826000,94.901000,94.814000,94.755000,94.766000,94.783000,94.761000,94.951000,94.863000,94.863000,94.759000,94.939000,94.953000,94.833000,94.741000,94.858000,94.825000,94.919000,94.818000,94.799000,94.733000,94.770000,94.715000,94.612000,94.619000,94.665000,94.456000,94.256000,94.405000,94.155000,94.154000,93.867000,93.588000,93.345000,93.284000,92.886000,92.567000,92.178000,91.946000,91.388000,90.912000,90.235000,89.764000,89.143000,88.524000
5.800000,95.191000,95.151000,95.316000,95.255000,95.172000,95.027000,95.115000,95.193000,95.044000,95.112000,95.175000,95.047000,95.034000,95.032000,95.134000,95.097000,94.985000,95.134000,95.061000,95.134000,95.178000,95.173000,95.052000,95.138000,95.056000,95.127000,95.022000,95.149000,95.204000,95.134000,95.077000,95.048000,95.120000,94.962000,95.147000,95.107000,94.986000,94.924000,94.950000,94.876000,94.889000,94.768000,94.713000,94.490000,94.529000,94.293000,94.253000,94.141000,93.917000,93.654000,93.403000,93.060000,92.847000,92.387000,91.868000,91.557000,90.766000,90.513000,89.759000,89.253000,88.720000
6.000000,95.262000,95.346000,95.299000,95.194000,95.324000,95.184000,95.435000,95.183000,95.276000,95.330000,95.243000,95.318000,95.293000,95.428000,95.296000,95.232000,95.220000,95.269000,95.248000,95.243000,95.177000,95.182000,95.226000,95.221000,95.278000,95.317000,95.312000,95.366000,95.306000,95.330000,95.429000,95.242000,95.173000,95.306000,95.250000,95.239000,95.149000,94.972000,95.171000,95.124000,94.898000,94.997000,94.872000,94.797000,94.577000,94.375000,94.283000,94.211000,93.954000,93.784000,93.413000,93.042000,92.946000,92.254000,91.997000,91.497000,90.840000,90.592000,89.984000,89.311000,88.778000
6.200000,95.516000,95.502000,95.475000,95.547000,95.399000,95.472000,95.539000,95.408000,95.523000,95.452000,95.349000,95.588000,95.512000,95.497000,95.397000,95.476000,95.478000,95.479000,95.684000,95.442000,95.469000,95.521000,95.422000,95.463000,95.477000,95.414000,95.483000,95.502000,95.335000,95.471000,95.429000,95.499000,95.437000,95.477000,95.376000,95.367000,95.396000,95.264000,95.314000,95.340000,95.080000,94.927000,95.096000,94.881000,94.809000,94.552000,94.515000,94.325000,94.029000,93.884000,93.524000,93.242000,92.860000,92.481000,92.021000,91.591000,91.111000,90.559000,90.085000,89.496000,88.962000
6.400000,95.664000,95.649000,95.666000,95.621000,95.579000,95.651000,95.575000,95.688000,95.709000,95.628000,95.673000,95.695000,95.710000,95.748000,95.604000,95.614000,95.613000,95.634000,95.780000,95.700000,95.715000,95.701000,95.677000,95.589000,95.785000,95.644000,95.667000,95.577000,95.421000,95.650000,95.696000,95.500000,95.619000,95.533000,95.577000,95.572000,95.356000,95.478000,95.464000,95.366000,95.323000,95.151000,95.137000,95.051000,94.926000,94.731000,94.505000,94.364000,94.137000,93.806000,93.617000,93.378000,93.051000,92.570000,92.181000,91.708000,91.324000,90.793000,90.355000,89.678000,89.104000
6.600000,95.934000,95.953000,95.849000,95.842000,95.838000,95.861000,95.830000,95.793000,95.848000,95.891000,95.895000,95.883000,95.842000,95.889000,95.780000,95.881000,95.894000,95.737000,95.802000,95.889000,96.012000,95.873000,95.905000,95.973000,95.800000,95.796000,95.846000,95.883000,95.870000,95.839000,95.740000,95.733000,95.790000,95.794000,95.824000,95.599000,95.646000,95.635000,95.647000,95.599000,95.444000,95.406000,95.192000,95.048000,95.008000,94.869000,94.627000,94.517000,94.328000,93.859000,93.761000,93.293000,92.959000,92.615000,92.205000,91.888000,91.323000,90.781000,90.363000,89.912000,89.381000
6.800000,95.930000,95.905000,95.912000,95.857000,96.088000,96.000000,96.008000,95.889000,96.053000,96.084000,95.943000,96.064000,96.013000,95.910000,95.903000,95.989000,95.927000,95.914000,95.982000,95.994000,96.087000,96.032000,95.942000,95.936000,96.044000,95.937000,95.963000,95.928000,95.945000,95.929000,95.909000,95.988000,95.904000,95.874000,95.972000,95.703000,95.747000,95.718000,95.683000,95.603000,95.563000,95.412000,95.424000,95.221000,95.119000,94.906000,94.821000,94.466000,94.285000,93.785000,93.872000,93.513000,93.223000,92.734000,92.367000,91.829000,91.486000,90.991000,90.516000,90.066000,89.626000
7.000000,96.201000,96.166000,96.198000,96.169000,96.129000,96.096000,96.166000,96.093000,96.148000,96.033000,96.113000,96.203000,96.069000,96.088000,96.054000,96.139000,96.023000,96.223000,96.065000,96.274000,96.047000,96.094000,96.262000,96.147000,96.147000,96.005000,96.105000,96.051000,96.104000,96.184000,96.059000,96.103000,96.024000,96.034000,95.930000,96.004000,95.937000,95.741000,95.794000,95.652000,95.592000,95.550000,95.527000,95.273000,95.186000,94.890000,94.792000,94.677000,94.391000,93.958000,93.788000,93.600000,93.025000,92.866000,92.273000,91.964000,91.712000,91.018000,90.598000,90.256000,89.735000
7.200000,96.288000,96.259000,96.182000,96.179000,96.177000,96.265000,96.140000,96.203000,96.306000,96.283000,96.167000,96.194000,96.144000,96.192000,96.212000,96.371000,96.250000,96.199000,96.177000,96.174000,96.201000,96.206000,96.267000,96.184000,96.246000,96.162000,96.151000,96.245000,96.079000,96.180000,96.093000,96.221000,96.093000,96.087000,96.150000,96.027000,95.887000,95.954000,95.815000,95.956000,95.649000,95.453000,95.631000,95.439000,95.125000,95.068000,94.953000,94.712000,94.401000,94.126000,93.786000,93.549000,93.328000,92.972000,92.463000,92.191000,91.697000,91.364000,90.964000,90.225000,89.905000
7.400000,96.309000,96.379000,96.427000,96.542000,96.360000,96.378000,96.422000,96.456000,96.381000,96.388000,96.319000,96.367000,96.299000,96.411000,96.421000,96.429000,96.414000,96.326000,96.358000,96.397000,96.339000,96.394000,96.337000,96.289000,96.382000,96.395000,96.338000,96.319000,96.316000,96.340000,96.291000,96.281000,96.230000,96.299000,96.187000,96.115000,96.068000,96.085000,95.991000,95.994000,95.932000,95.897000,95.706000,95.529000,95.382000,95.116000,94.914000,94.782000,94.500000,94.138000,94.013000,93.709000,93.356000,93.109000,92.724000,92.215000,91.849000,91.471000,91.152000,90.658000,89.957000
7.600000,96.533000,96.466000,96.428000,96.432000,96.382000,96.362000,96.354000,96.534000,96.496000,96.497000,96.481000,96.439000,96.494000,96.471000,96.389000,96.372000,96.507000,96.460000,96.450000,96.448000,96.470000,96.463000,96.374000,96.376000,96.351000,96.397000,96.489000,96.404000,96.299000,96.493000,96.362000,96.299000,96.315000,96.355000,96.358000,96.208000,96.165000,96.104000,96.000000,95.974000,95.970000,95.713000,95.726000,95.542000,95.278000,95.222000,94.955000,94.819000,94.313000,94.260000,93.945000,93.681000,93.427000,92.937000,92.695000,92.276000,92.108000,91.563000,91.144000,90.807000,90.183000
7.800000,96.471000,96.532000,96.527000,96.459000,96.590000,96.572000,96.486000,96.570000,96.514000,96.442000,96.473000,96.573000,96.549000,96.533000,96.496000,96.584000,96.506000,96.577000,96.516000,96.482000,96.644000,96.553000,96.594000,96.548000,96.569000,96.387000,96.582000,96.476000,96.530000,96.518000,96.416000,96.442000,96.424000,96.300000,96.355000,96.252000,96.158000,96.167000,96.122000,96.151000,96.049000,95.758000,95.758000,95.600000,95.345000,95.312000,94.966000,94.761000,94.548000,94.314000,93.926000,93.740000,93.509000,93.150000,92.726000,92.391000,92.017000,91.589000,91.358000,90.800000,90.319000
8.000000,96.653000,96.594000,96.536000,96.655000,96.593000,96.468000,96.543000,96.579000,96.646000,96.611000,96.657000,96.587000,96.620000,96.520000,96.628000,96.667000,96.514000,96.640000,96.575000,96.505000,96.484000,96.618000,96.583000,96.606000,96.545000,96.633000,96.510000,96.590000,96.573000,96.519000,96.476000,96.519000,96.432000,96.497000,96.397000,96.368000,96.223000,96.219000,96.239000,96.077000,95.957000,95.865000,95.720000,95.583000,95.447000,95.318000,95.098000,94.901000,94.424000,94.361000,94.087000,93.675000,93.439000,93.118000,92.826000,92.577000,92.194000,91.762000,91.386000,90.927000,90.646000
8.200000,96.731000,96.807000,96.745000,96.710000,96.750000,96.764000,96.714000,96.752000,96.779000,96.643000,96.677000,96.694000,96.588000,96.788000,96.719000,96.723000,96.739000,96.754000,96.775000,96.753000,96.754000,96.749000,96.762000,96.723000,96.732000,96.675000,96.683000,96.747000,96.768000,96.626000,96.614000,96.605000,96.598000,96.551000,96.543000,96.380000,96.437000,96.285000,96.341000,96.075000,96.075000,95.891000,95.776000,95.693000,95.555000,95.201000,95.188000,94.892000,94.646000,94.555000,94.086000,93.984000,93.700000,93.341000,92.969000,92.853000,92.481000,91.899000,91.629000,91.010000,90.866000
8.400000,96.793000,96.746000,96.783000,96.655000,96.759000,96.721000,96.726000,96.714000,96.878000,96.743000,96.852000,96.825000,96.877000,96.810000,96.816000,96.738000,96.806000,96.753000,96.795000,96.610000,96.738000,96.778000,96.762000,96.703000,96.673000,96.766000,96.690000,96.723000,96.787000,96.655000,96.621000,96.617000,96.619000,96.546000,96.426000,96.569000,96.442000,96.361000,96.238000,96.297000,96.081000,95.996000,95.875000,95.723000,95.611000,95.452000,95.250000,94.862000,94.798000,94.481000,94.131000,94.037000,93.647000,93.523000,93.103000,92.824000,92.530000,91.771000,91.625000,91.290000,91.177000
8.600000,96.860000,96.805000,96.889000,96.907000,96.937000,96.786000,96.944000,96.881000,96.855000,96.868000,96.971000,96.905000,96.987000,96.905000,96.923000,96.870000,96.856000,96.807000,96.960000,96.810000,96.989000,96.957000,96.911000,96.721000,96.680000,96.932000,96.799000,96.807000,96.785000,96.779000,96.699000,96.840000,96.693000,96.780000,96.688000,96.594000,96.650000,96.495000,96.259000,96.375000,96.198000,96.110000,95.803000,95.804000,95.621000,95.477000,95.369000,95.112000,94.777000,94.663000,94.303000,94.130000,93.804000,93.507000,93.166000,92.879000,92.515000,91.975000,91.890000,91.608000,91.305000
8.800000,96.885000,96.884000,97.000000,96.891000,96.944000,96.999000,97.009000,96.849000,96.872000,96.916000,96.886000,96.894000,96.826000,96.959000,96.999000,96.919000,96.847000,96.898000,96.960000,96.910000,96.782000,96.938000,96.881000,96.926000,96.906000,96.950000,96.779000,96.898000,96.765000,96.742000,96.765000,96.797000,96.643000,96.687000,96.588000,96.559000,96.514000,96.472000,96.317000,96.244000,96.147000,96.064000,95.852000,95.905000,95.645000,95.452000,95.295000,95.176000,94.851000,94.629000,94.340000,94.209000,93.877000,93.623000,93.181000,92.812000,92.614000,92.339000,92.014000,91.817000,91.574000
9.000000,97.061000,96.996000,97.055000,96.996000,96.956000,97.035000,97.063000,96.958000,96.987000,97.000000,97.118000,97.038000,96.983000,96.979000,96.983000,97.060000,96.969000,97.077000,97.032000,97.000000,97.006000,96.979000,96.964000,96.996000,96.927000,96.917000,96.977000,96.984000,96.809000,96.866000,96.737000,96.876000,96.885000,96.814000,96.746000,96.650000,96.588000,96.504000,96.476000,96.376000,96.290000,96.082000,95.854000,95.873000,95.715000,95.359000,95.321000,95.094000,94.982000,94.675000,94.558000,94.301000,94.066000,93.693000,93.359000,93.199000,92.888000,92.595000,92.329000,92.162000,91.941000
9.200000,97.031000,97.113000,97.090000,97.159000,97.111000,97.112000,97.097000,97.062000,97.030000,97.161000,97.053000,97.176000,97.039000,97.122000,97.168000,97.108000,97.130000,97.065000,97.113000,96.898000,97.033000,97.114000,97.070000,96.991000,96.973000,96.984000,97.025000,97.012000,96.955000,97.077000,97.001000,96.972000,96.883000,96.853000,96.825000,96.733000,96.604000,96.618000,96.504000,96.441000,96.324000,96.269000,96.114000,95.996000,95.745000,95.606000,95.407000,95.224000,94.873000,94.821000,94.557000,94.403000,94.023000,93.738000,93.358000,93.090000,92.925000,92.715000,92.547000,92.433000,92.291000
9.400000,97.147000,97.161000,97.079000,97.116000,97.183000,97.103000,97.123000,97.183000,97.155000,97.112000,97.025000,97.090000,97.046000,97.159000,97.180000,97.156000,97.147000,97.103000,97.095000,97.145000,97.110000,97.151000,97.082000,97.027000,97.103000,96.997000,97.024000,97.121000,97.022000,96.891000,96.965000,96.962000,96.813000,96.827000,96.770000,96.729000,96.629000,96.546000,96.498000,96.418000,96.356000,96.167000,95.990000,95.991000,95.692000,95.572000,95.424000,95.263000,95.014000,94.989000,94.630000,94.213000,94.150000,93.896000,93.602000,93.255000,93.158000,92.915000,92.747000,92.616000,92.550000
9.600000,97.130000,97.268000,97.170000,97.116000,97.136000,97.256000,97.032000,97.207000,97.237000,97.190000,97.196000,97.133000,97.042000,97.210000,97.188000,97.117000,97.228000,97.208000,97.144000,97.151000,97.326000,97.177000,97.154000,97.085000,97.115000,97.093000,97.187000,97.168000,97.126000,96.982000,97.116000,97.019000,97.005000,96.937000,96.818000,96.896000,96.828000,96.669000,96.625000,96.235000,96.464000,96.331000,96.025000,96.001000,95.964000,95.671000,95.531000,95.363000,95.143000,94.871000,94.729000,94.490000,94.035000,93.877000,93.617000,93.364000,93.252000,93.176000,92.862000,92.753000,92.698000
9.800000,97.263000,97.325000,97.306000,97.352000,97.272000,97.312000,97.264000,97.317000,97.346000,97.222000,97.214000,97.228000,97.144000,97.343000,97.194000,97.191000,97.256000,97.270000,97.208000,97.228000,97.327000,97.237000,97.143000,97.226000,97.223000,97.219000,97.217000,97.141000,97.134000,97.137000,97.061000,97.026000,97.061000,97.074000,96.818000,96.971000,96.787000,96.652000,96.746000,96.589000,96.530000,96.261000,96.289000,96.019000,95.864000,95.809000,95.575000,95.418000,95.290000,95.089000,94.687000,94.420000,94.184000,94.020000,93.747000,93.701000,93.580000,93.446000,93.220000,93.351000,93.098000
10.000000,97.295000,97.294000,97.207000,97.334000,97.206000,97.221000,97.331000,97.279000,97.364000,97.317000,97.167000,97.310000,97.252000,97.217000,97.205000,97.310000,97.327000,97.378000,97.350000,97.160000,97.363000,97.164000,97.144000,97.312000,97.284000,97.226000,97.183000,97.216000,97.064000,97.099000,97.219000,97.065000,97.048000,97.044000,96.903000,96.934000,96.852000,96.671000,96.532000,96.468000,96.408000,96.308000,96.324000,96.104000,96.020000,95.793000,95.640000,95.431000,95.174000,95.122000,94.844000,94.595000,94.345000,94.111000,94.031000,93.760000,93.646000,93.564000,93.536000,93.451000,93.383000
10.200000,97.398000,97.395000,97.379000,97.248000,97.422000,97.346000,97.317000,97.292000,97.343000,97.299000,97.261000,97.243000,97.320000,97.343000,97.335000,97.207000,97.288000,97.316000,97.389000,97.322000,97.299000,97.239000,97.395000,97.296000,97.363000,97.330000,97.288000,97.250000,97.226000,97.250000,97.157000,97.163000,97.048000,97.080000,96.911000,96.936000,96.832000,96.803000,96.724000,96.553000,96.510000,96.390000,96.295000,96.107000,95.883000,95.785000,95.752000,95.592000,95.348000,95.131000,94.974000,94.639000,94.503000,94.330000,94.092000,93.951000,93.928000,93.836000,93.798000,93.761000,93.687000
10.400000,97.411000,97.312000,97.426000,97.332000,97.424000,97.355000,97.425000,97.278000,97.294000,97.344000,97.413000,97.349000,97.393000,97.316000,97.355000,97.434000,97.385000,97.373000,97.324000,97.351000,97.443000,97.325000,97.459000,97.305000,97.342000,97.356000,97.328000,97.234000,97.311000,97.225000,97.192000,97.106000,97.095000,96.970000,97.047000,96.924000,96.829000,96.784000,96.702000,96.597000,96.543000,96.415000,96.244000,96.144000,95.846000,95.794000,95.678000,95.623000,95.327000,95.085000,94.920000,94.641000,94.555000,94.331000,94.203000,94.233000,94.043000,93.966000,93.940000,94.089000,93.996000
10.600000,97.388000,97.341000,97.366000,97.469000,97.401000,97.418000,97.269000,97.425000,97.421000,97.458000,97.437000,97.361000,97.375000,97.466000,97.400000,97.396000,97.379000,97.339000,97.377000,97.432000,97.333000,97.399000,97.435000,97.344000,97.427000,97.324000,97.336000,97.293000,97.196000,97.247000,97.224000,97.203000,97.003000,97.097000,97.051000,97.071000,96.992000,96.929000,96.857000,96.644000,96.671000,96.427000,96.368000,96.260000,96.071000,95.938000,95.766000,95.616000,95.430000,95.124000,95.015000,94.753000,94.736000,94.400000,94.428000,94.256000,94.280000,94.272000,94.279000,94.311000,94.249000
10.800000,97.493000,97.540000,97.492000,97.453000,97.474000,97.452000,97.492000,97.397000,97.419000,97.425000,97.496000,97.404000,97.405000,97.401000,97.499000,97.431000,97.543000,97.474000,97.492000,97.472000,97.503000,97.446000,97.429000,97.352000,97.383000,97.421000,97.325000,97.346000,97.337000,97.271000,97.298000,97.252000,97.237000,97.151000,97.083000,96.993000,97.050000,96.912000,96.894000,96.730000,96.621000,96.570000,96.461000,96.455000,96.103000,95.948000,95.939000,95.666000,95.462000,95.226000,95.143000,94.938000,94.810000,94.738000,94.653000,94.608000,94.550000,94.590000,94.418000,94.431000,94.548000
11.000000,97.453000,97.491000,97.556000,97.519000,97.494000,97.471000,97.454000,97.544000,97.582000,97.471000,97.493000,97.478000,97.464000,97.536000,97.507000,97.460000,97.448000,97.483000,97.504000,97.460000,97.539000,97.515000,97.473000,97.335000,97.424000,97.381000,97.385000,97.409000,97.330000,97.319000,97.318000,97.343000,97.220000,97.172000,97.134000,97.086000,96.976000,96.841000,96.864000,96.874000,96.763000,96.662000,96.439000,96.358000,96.143000,95.954000,95.987000,95.725000,95.578000,95.250000,95.264000,95.197000,94.972000,94.810000,94.755000,94.809000,94.784000,94.728000,94.717000,94.668000,94.736000
11.200000,97.519000,97.499000,97.518000,97.412000,97.512000,97.450000,97.559000,97.472000,97.600000,97.418000,97.543000,97.553000,97.513000,97.435000,97.438000,97.580000,97.423000,97.517000,97.484000,97.491000,97.538000,97.468000,97.517000,97.480000,97.447000,97.550000,97.427000,97.444000,97.343000,97.328000,97.215000,97.383000,97.272000,97.196000,97.214000,97.124000,97.148000,97.011000,96.840000,96.928000,96.693000,96.503000,96.453000,96.378000,96.166000,95.972000,95.882000,95.774000,95.521000,95.417000,95.233000,95.203000,95.141000,95.008000,94.988000,94.906000,95.000000,94.928000,94.827000,94.761000,94.868000
11.400000,97.571000,97.553000,97.559000,97.525000,97.526000,97.455000,97.515000,97.547000,97.636000,97.684000,97.639000,97.625000,97.601000,97.544000,97.586000,97.558000,97.503000,97.519000,97.466000,97.521000,97.530000,97.529000,97.538000,97.533000,97.488000,97.544000,97.409000,97.405000,97.472000,97.389000,97.321000,97.287000,97.299000,97.218000,97.117000,97.024000,97.131000,97.047000,96.960000,96.772000,96.789000,96.554000,96.429000,96.314000,96.203000,96.203000,95.953000,95.772000,95.566000,95.442000,95.400000,95.399000,95.213000,95.186000,95.269000,95.187000,95.177000,94.943000,95.009000,95.249000,95.079000
11.600000,97.604000,97.564000,97.541000,97.625000,97.672000,97.542000,97.628000,97.474000,97.568000,97.557000,97.546000,97.575000,97.611000,97.583000,97.512000,97.521000,97.567000,97.484000,97.604000,97.574000,97.500000,97.482000,97.549000,97.537000,97.537000,97.448000,97.427000,97.421000,97.357000,97.371000,97.372000,97.378000,97.414000,97.215000,97.189000,97.072000,97.075000,96.964000,96.923000,96.854000,96.792000,96.670000,96.528000,96.412000,96.239000,96.129000,95.901000,95.766000,95.678000,95.612000,95.449000,95.447000,95.402000,95.373000,95.161000,95.222000,95.257000,95.482000,95.371000,95.240000,95.104000
11.800000,97.602000,97.562000,97.511000,97.560000,97.569000,97.616000,97.668000,97.580000,97.601000,97.493000,97.643000,97.555000,97.516000,97.610000,97.623000,97.603000,97.617000,97.617000,97.525000,97.610000,97.587000,97.608000,97.538000,97.614000,97.578000,97.454000,97.541000,97.410000,97.506000,97.461000,97.463000,97.365000,97.341000,97.300000,97.146000,97.114000,97.216000,96.875000,96.960000,96.918000,96.774000,96.635000,96.521000,96.340000,96.309000,96.195000,96.009000,95.907000,95.795000,95.730000,95.598000,95.632000,95.626000,95.514000,95.445000,95.505000,95.435000,95.445000,95.410000,95.343000,95.359000
12.000000,97.607000,97.583000,97.696000,97.701000,97.638000,97.711000,97.589000,97.723000,97.568000,97.621000,97.619000,97.714000,97.516000,97.602000,97.624000,97.666000,97.609000,97.582000,97.506000,97.625000,97.620000,97.645000,97.605000,97.483000,97.593000,97.522000,97.587000,97.572000,97.545000,97.487000,97.453000,97.343000,97.346000,97.286000,97.299000,97.221000,97.165000,97.100000,97.020000,97.024000,96.807000,96.685000,96.559000,96.438000,96.287000,96.189000,96.134000,95.992000,95.832000,95.792000,95.675000,95.774000,95.593000,95.648000,95.682000,95.641000,95.653000,95.588000,95.531000,95.614000,nan
12.200000,97.511000,97.597000,97.562000,97.645000,97.643000,97.734000,97.671000,97.734000,97.653000,97.630000,97.637000,97.590000,97.676000,97.597000,97.643000,97.529000,97.630000,97.676000,97.677000,97.674000,97.655000,97.624000,97.593000,97.668000,97.579000,97.512000,97.481000,97.462000,97.545000,97.567000,97.433000,97.418000,97.303000,97.309000,97.269000,97.147000,97.185000,97.034000,97.027000,96.975000,96.755000,96.711000,96.543000,96.562000,96.366000,96.202000,96.140000,96.035000,96.074000,95.864000,95.956000,95.803000,95.886000,95.754000,95.818000,95.830000,95.868000,95.817000,95.671000,95.735000,nan
12.400000,97.774000,97.755000,97.693000,97.630000,97.722000,97.768000,97.636000,97.622000,97.694000,97.648000,97.711000,97.671000,97.705000,97.674000,97.614000,97.675000,97.694000,97.646000,97.695000,97.609000,97.679000,97.542000,97.625000,97.568000,97.660000,97.571000,97.560000,97.525000,97.548000,97.508000,97.519000,97.434000,97.382000,97.353000,97.208000,97.257000,97.160000,97.198000,97.119000,96.953000,96.888000,96.710000,96.640000,96.467000,96.447000,96.235000,96.223000,96.063000,96.029000,96.042000,96.013000,95.938000,95.941000,96.037000,95.888000,95.854000,95.957000,95.864000,95.879000,nan,nan
12.600000,97.746000,97.794000,97.774000,97.736000,97.706000,97.713000,97.689000,97.735000,97.703000,97.711000,97.706000,97.801000,97.724000,97.816000,97.642000,97.696000,97.711000,97.739000,97.724000,97.611000,97.740000,97.625000,97.624000,97.698000,97.667000,97.703000,97.546000,97.624000,97.577000,97.612000,97.512000,97.465000,97.415000,97.425000,97.379000,97.309000,97.300000,97.096000,97.133000,96.961000,96.841000,96.736000,96.682000,96.479000,96.555000,96.335000,96.352000,96.298000,96.305000,96.214000,96.175000,96.117000,96.188000,96.151000,96.072000,96.074000,96.088000,96.041000,96.053000,nan,nan
12.800000,97.802000,97.702000,97.724000,97.800000,97.797000,97.657000,97.743000,97.767000,97.713000,97.773000,97.776000,97.762000,97.780000,97.735000,97.675000,97.736000,97.702000,97.703000,97.737000,97.868000,97.600000,97.660000,97.695000,97.750000,97.650000,97.635000,97.633000,97.592000,97.574000,97.581000,97.586000,97.519000,97.425000,97.394000,97.340000,97.393000,97.326000,97.169000,97.046000,96.910000,96.758000,96.736000,96.667000,96.617000,96.705000,96.516000,96.376000,96.338000,96.343000,96.202000,96.278000,96.259000,96.114000,96.292000,96.291000,96.217000,96.327000,96.221000,nan,nan,nan
13.000000,97.742000,97.789000,97.725000,97.865000,97.791000,97.860000,97.706000,97.734000,97.818000,97.743000,97.825000,97.786000,97.767000,97.733000,97.781000,97.772000,97.775000,97.772000,97.738000,97.718000,97.738000,97.681000,97.658000,97.757000,97.750000,97.577000,97.725000,97.678000,97.609000,97.683000,97.503000,97.582000,97.529000,97.387000,97.391000,97.420000,97.211000,97.178000,97.190000,97.054000,96.997000,96.850000,96.759000,96.721000,96.688000,96.531000,96.557000,96.430000,96.543000,96.443000,96.393000,96.429000,96.387000,96.400000,96.448000,96.329000,96.349000,96.409000,nan,nan,nan
13.200000,97.759000,97.702000,97.747000,97.734000,97.769000,97.839000,97.783000,97.780000,97.761000,97.748000,97.788000,97.820000,97.822000,97.744000,97.725000,97.744000,97.731000,97.709000,97.752000,97.772000,97.767000,97.722000,97.778000,97.738000,97.674000,97.651000,97.731000,97.695000,97.550000,97.659000,97.534000,97.529000,97.553000,97.402000,97.377000,97.420000,97.271000,97.214000,97.167000,97.083000,96.934000,96.892000,96.880000,96.826000,96.743000,96.714000,96.596000,96.588000,96.553000,96.432000,96.500000,96.587000,96.549000,96.465000,96.604000,96.440000,96.550000,nan,nan,nan,nan
13.400000,97.767000,97.825000,97.718000,97.808000,97.790000,97.776000,97.779000,97.848000,97.726000,97.845000,97.722000,97.787000,97.754000,97.844000,97.731000,97.802000,97.715000,97.719000,97.797000,97.739000,97.789000,97.809000,97.899000,97.724000,97.657000,97.785000,97.729000,97.684000,97.571000,97.629000,97.491000,97.512000,97.436000,97.441000,97.392000,97.281000,97.315000,97.165000,97.129000,97.080000,96.947000,96.940000,96.832000,96.809000,96.774000,96.685000,96.627000,96.655000,96.727000,96.651000,96.632000,96.651000,96.775000,96.597000,96.654000,96.651000,96.673000,nan,nan,nan,nan
13.600000,97.858000,97.829000,97.786000,97.810000,97.785000,97.839000,97.799000,97.733000,97.873000,97.845000,97.740000,97.776000,97.810000,97.863000,97.760000,97.800000,97.779000,97.784000,97.733000,97.784000,97.765000,97.765000,97.777000,97.778000,97.791000,97.755000,97.690000,97.724000,97.681000,97.481000,97.576000,97.578000,97.605000,97.445000,97.327000,97.356000,97.310000,97.251000,97.144000,97.155000,97.045000,97.015000,97.005000,96.918000,96.910000,96.758000,96.831000,96.800000,96.827000,96.763000,96.766000,96.714000,96.848000,96.739000,96.715000,96.877000,nan,nan,nan,nan,nan
13.800000,97.804000,97.826000,97.848000,97.822000,97.853000,97.873000,97.894000,97.803000,97.807000,97.804000,97.832000,97.842000,97.810000,97.836000,97.772000,97.770000,97.820000,97.766000,97.733000,97.733000,97.811000,97.782000,97.776000,97.830000,97.823000,97.738000,97.704000,97.647000,97.554000,97.610000,97.600000,97.554000,97.594000,97.587000,97.427000,97.435000,97.377000,97.208000,97.214000,97.146000,97.022000,97.067000,97.022000,96.897000,96.979000,96.919000,96.919000,96.888000,96.796000,96.880000,96.799000,96.877000,96.899000,96.874000,96.870000,96.799000,nan,nan,nan,nan,nan
14.000000,97.828000,97.849000,97.837000,97.913000,97.859000,97.880000,97.752000,97.806000,97.833000,97.809000,97.798000,97.715000,97.842000,97.823000,97.762000,97.858000,97.857000,97.783000,97.823000,97.782000,97.781000,97.829000,97.763000,97.829000,97.699000,97.713000,97.777000,97.730000,97.682000,97.622000,97.696000,97.634000,97.558000,97.491000,97.369000,97.391000,97.347000,97.321000,97.226000,97.228000,97.136000,97.072000,97.082000,97.092000,96.990000,96.907000,96.966000,96.994000,97.006000,97.015000,97.026000,96.994000,96.953000,96.958000,96.972000,nan,nan,nan,nan,nan,nan
14.200000,97.851000,97.898000,97.918000,97.745000,97.851000,97.855000,97.848000,97.919000,97.867000,97.842000,97.849000,97.864000,97.815000,97.834000,97.915000,97.755000,97.907000,97.818000,97.820000,97.916000,97.785000,97.858000,97.765000,97.791000,97.735000,97.680000,97.796000,97.654000,97.692000,97.656000,97.650000,97.600000,97.528000,97.473000,97.423000,97.446000,97.403000,97.418000,97.347000,97.208000,97.285000,97.196000,97.033000,97.220000,97.157000,97.050000,97.203000,97.132000,97.094000,97.153000,97.171000,97.115000,97.065000,97.108000,97.020000,nan,nan,nan,nan,nan,nan
14.400000,97.840000,97.763000,97.816000,97.889000,97.828000,97.896000,97.864000,97.891000,97.891000,97.802000,97.742000,97.851000,97.722000,97.829000,97.846000,97.824000,97.727000,97.849000,97.690000,97.828000,97.818000,97.758000,97.815000,97.849000,97.695000,97.740000,97.769000,97.687000,97.681000,97.682000,97.670000,97.593000,97.574000,97.485000,97.495000,97.430000,97.411000,97.291000,97.222000,97.237000,97.183000,97.148000,97.177000,97.198000,97.213000,97.183000,97.224000,97.210000,97.157000,97.107000,97.204000,97.199000,97.083000,97.062000,nan,nan,nan,nan,nan,nan,nan
14.600000,97.899000,97.814000,97.919000,97.832000,97.903000,97.944000,97.883000,97.942000,97.831000,97.808000,97.826000,97.805000,97.849000,97.829000,97.903000,97.874000,97.872000,97.830000,97.794000,97.894000,97.767000,97.847000,97.737000,97.800000,97.875000,97.826000,97.775000,97.797000,97.643000,97.704000,97.600000,97.666000,97.582000,97.559000,97.482000,97.546000,97.455000,97.426000,97.462000,97.361000,97.385000,97.447000,97.310000,97.256000,97.259000,97.322000,97.232000,97.275000,97.328000,97.292000,97.291000,97.249000,97.317000,97.235000,nan,nan,nan,nan,nan,nan,nan
14.800000,97.846000,97.855000,97.810000,97.861000,97.823000,97.902000,97.870000,97.883000,97.876000,97.827000,97.948000,97.895000,97.822000,97.830000,97.872000,97.766000,97.825000,97.913000,97.808000,97.837000,97.777000,97.810000,97.752000,97.916000,97.837000,97.746000,97.746000,97.725000,97.740000,97.646000,97.752000,97.671000,97.658000,97.654000,97.543000,97.520000,97.517000,97.522000,97.483000,97.358000,97.333000,97.436000,97.319000,97.372000,97.331000,97.273000,97.424000,97.379000,97.339000,97.369000,97.277000,97.274000,97.407000,nan,nan,nan,nan,nan,nan,nan,nan
15.000000,97.861000,97.867000,97.840000,97.892000,97.868000,97.901000,97.875000,97.851000,97.814000,97.874000,97.845000,97.875000,97.841000,97.800000,97.844000,97.816000,97.942000,97.788000,97.792000,97.844000,97.807000,97.832000,97.792000,97.783000,97.753000,97.807000,97.777000,97.713000,97.738000,97.733000,97.598000,97.611000,97.636000,97.560000,97.640000,97.498000,97.537000,97.519000,97.491000,97.540000,97.402000,97.481000,97.436000,97.462000,97.489000,97.463000,97.450000,97.517000,97.466000,97.400000,97.434000,97.425000,nan,nan,nan,nan,nan,nan,nan,nan,nan
